Ingredient_id,Target_name
HBIN001584,GABRA1
HBIN001584,PRSS1
HBIN001584,ACHE
HBIN002579,D2HGDH
HBIN002579,LDHD
HBIN002579,FAR1
HBIN002579,FAR2
HBIN002579,AGPS
HBIN002579,GNPAT
HBIN002579,DHCR24
HBIN003405,ESR1
HBIN003405,NR3C2
HBIN003405,AR
HBIN004555,ACHE
HBIN004555,PRSS1
HBIN004555,CA2
HBIN006852,ADRA1B
HBIN006852,PDE3A
HBIN006852,CA2
HBIN006852,DPEP1
HBIN006852,NOS2
HBIN006852,GABRA1
HBIN006852,PKIA
HBIN006852,LTA4H
HBIN006852,SLC6A4
HBIN006852,SLC6A3
HBIN006852,SLC6A2
HBIN006852,PTGS2
HBIN006852,PTGS1
HBIN006852,MAOB
HBIN006852,ESR1
HBIN006852,CHRM1
HBIN006852,ADRB2
HBIN006852,ADRB1
HBIN007446,PRSS1
HBIN008360,ESR1
HBIN008360,GABRA1
HBIN008360,ADRA2B
HBIN008360,DPP4
HBIN008360,CDK2
HBIN008360,DPEP1
HBIN008360,NOS2
HBIN008360,PPARG
HBIN008360,SLC6A4
HBIN008360,SLC6A2
HBIN008360,PTGS2
HBIN008360,PTGS1
HBIN008360,MAOB
HBIN008360,CHRM1
HBIN008360,ADRB2
HBIN008361,HNRNPA3
HBIN008361,CYCS
HBIN008361,SF3B3
HBIN008361,AIFM1
HBIN008361,WAS
HBIN008361,TUFM
HBIN008361,TPT1
HBIN008361,TP53
HBIN008361,PSMD11
HBIN008361,PSMA1
HBIN008361,PRPS1
HBIN008361,PPP2R1A
HBIN008361,PHB
HBIN008361,PGK1
HBIN008361,PCNA
HBIN008361,YBX1
HBIN008361,NME1
HBIN008361,NCL
HBIN008361,MKI67
HBIN008361,MIF
HBIN008361,LDHA
HBIN008361,RPSA
HBIN008361,HSP90AB1
HBIN008361,HSPA5
HBIN008361,HNRNPF
HBIN008361,HNRNPD
HBIN008361,SFN
HBIN008361,GOT1
HBIN008361,FUS
HBIN008361,ERN1
HBIN008361,ENO1
HBIN008361,ELAVL1
HBIN008361,EIF4A1
HBIN008361,EEF2
HBIN008361,EEF1A2
HBIN008361,EEF1A1
HBIN008361,DDIT3
HBIN008361,CDKN1A
HBIN008361,CDK6
HBIN008361,CDK4
HBIN008361,CDK2
HBIN008361,CCNE1
HBIN008361,CALR
HBIN008361,C1QBP
HBIN008361,BIK
HBIN008361,CCND1
HBIN008361,BAX
HBIN008361,ATP5F1B
HBIN008361,ATP5F1A
HBIN008361,ARHGDIA
HBIN008361,ARHGAP1
HBIN008361,FAS
HBIN008361,ANXA5
HBIN008383,SPP1
HBIN008383,COL1A1
HBIN010673,PRSS1
HBIN010673,CTSD
HBIN011719,PRSS1
HBIN011719,LYZ
HBIN011719,KCNK5
HBIN011719,TNF
HBIN011719,GSTP1
HBIN011719,GSTM1
HBIN011719,CYP3A4
HBIN011719,CYP2C8
HBIN011719,CLCNKB
HBIN011869,ADRA1D
HBIN011869,DRD1
HBIN011869,ADRA1B
HBIN011869,CA2
HBIN011869,GSK3B
HBIN011869,NOS2
HBIN011869,DPP4
HBIN011869,PDE3A
HBIN011869,OPRM1
HBIN011869,ACHE
HBIN011869,PTGS2
HBIN011869,ESR1
HBIN011869,CHRM1
HBIN011869,CDK2
HBIN011869,AR
HBIN011869,GABRA1
HBIN011869,ESR2
HBIN011869,PTGS1
HBIN011869,CHRNA7
HBIN011869,SCN5A
HBIN011869,ADRB2
HBIN011869,PIM1
HBIN011869,RXRA
HBIN012338,LYZ
HBIN012338,CA2
HBIN012338,PRSS1
HBIN012667,AR
HBIN012667,CDK2
HBIN012667,PRSS1
HBIN012667,DPEP1
HBIN012667,CA2
HBIN012667,PPARG
HBIN012667,ESR1
HBIN012667,GSK3B
HBIN012667,CCNA2
HBIN012667,DPP4
HBIN012857,PTGS2
HBIN012857,PTGS1
HBIN012857,PPARG
HBIN012857,ACHE
HBIN012857,NOS2
HBIN012857,RXRA
HBIN012857,CA2
HBIN013503,AR
HBIN013503,PRSS1
HBIN013503,CHRM3
HBIN013503,NR3C1
HBIN013503,CHRM2
HBIN014593,PRSS1
HBIN014593,CHRNA2
HBIN014593,DPP4
HBIN014593,ADRA1B
HBIN014593,ACHE
HBIN014593,DPEP1
HBIN014593,ADRA1D
HBIN014593,GABRA1
HBIN014593,ESR1
HBIN014593,CHRM2
HBIN014593,NCOA2
HBIN014593,CHRM3
HBIN014593,CA2
HBIN014593,SLC6A3
HBIN014593,SLC6A2
HBIN014593,RXRA
HBIN014593,PTGS2
HBIN014593,PTGS1
HBIN014593,CHRM1
HBIN014593,ADRA1A
HBIN014684,CDK2
HBIN014684,AHCYL1
HBIN014684,PNP
HBIN014685,NPY4R2
HBIN014685,MTRNR2L12
HBIN014685,CCR2
HBIN014685,OPN1MW2
HBIN014685,ACTR3C
HBIN014685,POTEJ
HBIN014685,POTEI
HBIN014685,NPS
HBIN014685,POTEE
HBIN014685,NPSR1
HBIN014685,TAS2R42
HBIN014685,GPR142
HBIN014685,GNAT3
HBIN014685,ACTBL2
HBIN014685,GPR148
HBIN014685,RXFP4
HBIN014685,FFAR4
HBIN014685,HCAR2
HBIN014685,TAS2R60
HBIN014685,TAAR6
HBIN014685,GPR150
HBIN014685,ACTL9
HBIN014685,NPW
HBIN014685,TAS2R50
HBIN014685,TAS2R20
HBIN014685,TAS2R19
HBIN014685,TAS2R30
HBIN014685,TAS2R46
HBIN014685,TAS2R31
HBIN014685,TAS2R43
HBIN014685,TAS2R41
HBIN014685,TAS2R40
HBIN014685,TAS2R39
HBIN014685,NPB
HBIN014685,SLC29A4
HBIN014685,OPN5
HBIN014685,ACTL10
HBIN014685,OXER1
HBIN014685,ADAL
HBIN014685,SLC5A8
HBIN014685,SLC5A12
HBIN014685,GPBAR1
HBIN014685,ACTRT2
HBIN014685,GPR119
HBIN014685,ACTRT1
HBIN014685,TAAR1
HBIN014685,GPR151
HBIN014685,NMS
HBIN014685,PROKR2
HBIN014685,GPR139
HBIN014685,RXFP2
HBIN014685,GPR62
HBIN014685,PCMTD1
HBIN014685,NT5C3B
HBIN014685,ADAT3
HBIN014685,PTH2
HBIN014685,OPN4
HBIN014685,ACTR8
HBIN014685,NT5C1B
HBIN014685,MARS2
HBIN014685,HINT2
HBIN014685,KISS1R
HBIN014685,NT5C1A
HBIN014685,MCHR2
HBIN014685,ACTRT3
HBIN014685,SLA2
HBIN014685,QRFPR
HBIN014685,GPR61
HBIN014685,TAAR8
HBIN014685,GPR101
HBIN014685,ACTL8
HBIN014685,GPR63
HBIN014685,ADM2
HBIN014685,P2RY12
HBIN014685,GPR135
HBIN014685,TFB2M
HBIN014685,NPFFR1
HBIN014685,RBKS
HBIN014685,SLC28A3
HBIN014685,SLC5A7
HBIN014685,RXFP1
HBIN014685,HRH4
HBIN014685,CXCL16
HBIN014685,RDH14
HBIN014685,TRMT5
HBIN014685,TMIGD3
HBIN014685,ACTR3B
HBIN014685,LPAR5
HBIN014685,ACKR3
HBIN014685,NT5M
HBIN014685,NMUR2
HBIN014685,SUCNR1
HBIN014685,DIABLO
HBIN014685,CCL28
HBIN014685,LTB4R2
HBIN014685,ACTR10
HBIN014685,ASIC4
HBIN014685,PI4K2A
HBIN014685,SLC29A3
HBIN014685,PCMTD2
HBIN014685,TRMT12
HBIN014685,TAS2R5
HBIN014685,GNG2
HBIN014685,GPR85
HBIN014685,GPR173
HBIN014685,GPR88
HBIN014685,GPR84
HBIN014685,P2RY13
HBIN014685,S1PR5
HBIN014685,ADA2
HBIN014685,ASIC5
HBIN014685,GHRL
HBIN014685,ACTL6B
HBIN014685,RXFP3
HBIN014685,NT5C3A
HBIN014685,TFB1M
HBIN014685,GAL
HBIN014685,HEBP1
HBIN014685,TAS2R14
HBIN014685,TAS2R10
HBIN014685,TAS2R13
HBIN014685,TAS2R7
HBIN014685,TAS2R8
HBIN014685,TAS2R9
HBIN014685,TAS2R1
HBIN014685,TAS2R16
HBIN014685,TAS2R4
HBIN014685,TAS2R3
HBIN014685,NT5C
HBIN014685,MAT2B
HBIN014685,DIMT1
HBIN014685,GPR78
HBIN014685,OXGR1
HBIN014685,AFF4
HBIN014685,SRPK3
HBIN014685,LY96
HBIN014685,NTSR2
HBIN014685,OPN3
HBIN014685,LPAR3
HBIN014685,GPR161
HBIN014685,AHCYL2
HBIN014685,WDTC1
HBIN014685,NT5C2
HBIN014685,HRH3
HBIN014685,PTGDR2
HBIN014685,GPR45
HBIN014685,GPR176
HBIN014685,PPARGC1A
HBIN014685,GPR83
HBIN014685,PROKR1
HBIN014685,NPFFR2
HBIN014685,ACTL7A
HBIN014685,ACTL7B
HBIN014685,NMU
HBIN014685,CCL27
HBIN014685,CCR9
HBIN014685,AHCYL1
HBIN014685,RRH
HBIN014685,CXCR6
HBIN014685,CXCL13
HBIN014685,ATP8A1
HBIN014685,NMUR1
HBIN014685,ACTR1A
HBIN014685,ACTR1B
HBIN014685,ACTR2
HBIN014685,ACTR3
HBIN014685,P2RY14
HBIN014685,GLP2R
HBIN014685,ASIC3
HBIN014685,S1PR2
HBIN014685,GPR52
HBIN014685,GPR55
HBIN014685,TAAR2
HBIN014685,GPR37L1
HBIN014685,AIMP1
HBIN014685,LPAR2
HBIN014685,SLC28A1
HBIN014685,SLC28A2
HBIN014685,AIFM1
HBIN014685,TAAR5
HBIN014685,SLC5A6
HBIN014685,SPHK1
HBIN014685,HCAR3
HBIN014685,CFLAR
HBIN014685,GALR2
HBIN014685,FADD
HBIN014685,S1PR4
HBIN014685,MARCO
HBIN014685,YARS1
HBIN014685,GALR3
HBIN014685,GPR65
HBIN014685,CXCR4
HBIN014685,VIPR2
HBIN014685,VIPR1
HBIN014685,VIP
HBIN014685,VEGFA
HBIN014685,UPP1
HBIN014685,TYR
HBIN014685,TSHR
HBIN014685,TRHR
HBIN014685,TP53
HBIN014685,TNF
HBIN014685,TLR4
HBIN014685,TIMP1
HBIN014685,TF
HBIN014685,TBXA2R
HBIN014685,MAP3K7
HBIN014685,AURKA
HBIN014685,SSTR5
HBIN014685,SSTR4
HBIN014685,SSTR2
HBIN014685,SSTR1
HBIN014685,SST
HBIN014685,SRPK2
HBIN014685,SRPK1
HBIN014685,SLC6A4
HBIN014685,SLC5A5
HBIN014685,CXCL12
HBIN014685,CX3CL1
HBIN014685,CXCL5
HBIN014685,CXCL11
HBIN014685,CXCL6
HBIN014685,CCL25
HBIN014685,CCL21
HBIN014685,CCL20
HBIN014685,CCL19
HBIN014685,SCTR
HBIN014685,SCT
HBIN014685,SCNN1G
HBIN014685,SCNN1D
HBIN014685,SCNN1B
HBIN014685,SCNN1A
HBIN014685,SAA1
HBIN014685,RRM1
HBIN014685,RNASE1
HBIN014685,RHO
HBIN014685,RGR
HBIN014685,RET
HBIN014685,REN
HBIN014685,OPN1LW
HBIN014685,RAC3
HBIN014685,RAC1
HBIN014685,PTH2R
HBIN014685,PTH1R
HBIN014685,PTHLH
HBIN014685,PTH
HBIN014685,PTGIR
HBIN014685,PTGFR
HBIN014685,PTGER4
HBIN014685,PTGER3
HBIN014685,PTGER2
HBIN014685,PTGER1
HBIN014685,PTGDR
HBIN014685,TAS2R38
HBIN014685,PYY
HBIN014685,PRKX
HBIN014685,PRKG2
HBIN014685,PRKG1
HBIN014685,PRKACG
HBIN014685,PRKACB
HBIN014685,PRKACA
HBIN014685,PPY
HBIN014685,PPBP
HBIN014685,POMC
HBIN014685,PNOC
HBIN014685,PMCH
HBIN014685,PKLR
HBIN014685,PIM1
HBIN014685,PENK
HBIN014685,PDYN
HBIN014685,PCMT1
HBIN014685,P2RY11
HBIN014685,P2RY4
HBIN014685,P2RY1
HBIN014685,OXTR
HBIN014685,OXT
HBIN014685,OPRM1
HBIN014685,OPRL1
HBIN014685,OPRK1
HBIN014685,OPRD1
HBIN014685,NTSR1
HBIN014685,NTRK2
HBIN014685,NTRK1
HBIN014685,NT5E
HBIN014685,NPY5R
HBIN014685,NPY2R
HBIN014685,NPY1R
HBIN014685,PNP
HBIN014685,NPY
HBIN014685,NOS3
HBIN014685,NOS1
HBIN014685,NMBR
HBIN014685,MYC
HBIN014685,MTNR1B
HBIN014685,MTNR1A
HBIN014685,MTAP
HBIN014685,MMP9
HBIN014685,MMP1
HBIN014685,CXCL9
HBIN014685,MELTF
HBIN014685,MC5R
HBIN014685,MC4R
HBIN014685,MC3R
HBIN014685,MC2R
HBIN014685,MC1R
HBIN014685,MAT2A
HBIN014685,LTF
HBIN014685,LSP1
HBIN014685,LHCGR
HBIN014685,KNG1
HBIN014685,KCNN4
HBIN014685,CXCL10
HBIN014685,IL13
HBIN014685,IL12B
HBIN014685,IL12A
HBIN014685,IL10
HBIN014685,CXCR2
HBIN014685,CXCR1
HBIN014685,CXCL8
HBIN014685,IL6
HBIN014685,JCHAIN
HBIN014685,IAPP
HBIN014685,HTR7
HBIN014685,HTR6
HBIN014685,HTR5A
HBIN014685,HTR4
HBIN014685,HTR2C
HBIN014685,HTR2B
HBIN014685,HTR2A
HBIN014685,HTR1F
HBIN014685,HTR1E
HBIN014685,HTR1B
HBIN014685,HTR1A
HBIN014685,HRH2
HBIN014685,HNRNPD
HBIN014685,SLC29A2
HBIN014685,HMOX1
HBIN014685,HLCS
HBIN014685,MR1
HBIN014685,HLA-G
HBIN014685,HLA-F
HBIN014685,HLA-C
HBIN014685,HLA-B
HBIN014685,HLA-A
HBIN014685,HINT1
HBIN014685,HIF1A
HBIN014685,HCRTR2
HBIN014685,HCRTR1
HBIN014685,HCRT
HBIN014685,HSD17B10
HBIN014685,GRPR
HBIN014685,CXCL3
HBIN014685,CXCL2
HBIN014685,CXCL1
HBIN014685,GRM8
HBIN014685,GRM7
HBIN014685,GRM6
HBIN014685,GRM4
HBIN014685,GRM3
HBIN014685,GRM2
HBIN014685,GPR39
HBIN014685,MLNR
HBIN014685,GPR37
HBIN014685,GPER1
HBIN014685,GPR27
HBIN014685,GPR26
HBIN014685,MCHR1
HBIN014685,GPR22
HBIN014685,GPR21
HBIN014685,GPR19
HBIN014685,GPR18
HBIN014685,GPR17
HBIN014685,UTS2R
HBIN014685,GPR12
HBIN014685,PRLHR
HBIN014685,CXCR3
HBIN014685,NPBWR2
HBIN014685,NPBWR1
HBIN014685,GPR6
HBIN014685,GPR3
HBIN014685,CCR10
HBIN014685,GNRHR
HBIN014685,GNAS
HBIN014685,GNAI3
HBIN014685,GNAI2
HBIN014685,GNAI1
HBIN014685,GLP1R
HBIN014685,GIPR
HBIN014685,GIP
HBIN014685,GHSR
HBIN014685,GHRHR
HBIN014685,GHRH
HBIN014685,GDNF
HBIN014685,GCGR
HBIN014685,GCG
HBIN014685,GALR1
HBIN014685,FYN
HBIN014685,FSHR
HBIN014685,FPR3
HBIN014685,FPR2
HBIN014685,FPR1
HBIN014685,FOS
HBIN014685,FN1
HBIN014685,FHIT
HBIN014685,FGF7
HBIN014685,F3
HBIN014685,EPRS1
HBIN014685,EPO
HBIN014685,SLC29A1
HBIN014685,EDNRB
HBIN014685,EDNRA
HBIN014685,EDN1
HBIN014685,S1PR3
HBIN014685,LPAR1
HBIN014685,S1PR1
HBIN014685,DRD5
HBIN014685,DRD4
HBIN014685,DRD3
HBIN014685,DRD2
HBIN014685,DPP4
HBIN014685,DDC
HBIN014685,DCK
HBIN014685,CRHR2
HBIN014685,CRHR1
HBIN014685,CRH
HBIN014685,CREB1
HBIN014685,CNR2
HBIN014685,CNR1
HBIN014685,LTB4R
HBIN014685,CCR8
HBIN014685,CCR7
HBIN014685,CCR6
HBIN014685,CCR5
HBIN014685,CCR4
HBIN014685,CCR3
HBIN014685,CCR1
HBIN014685,CHRM4
HBIN014685,CHRM2
HBIN014685,CFTR
HBIN014685,CDK9
HBIN014685,CD79A
HBIN014685,CD14
HBIN014685,CCNT1
HBIN014685,CCKBR
HBIN014685,CCKAR
HBIN014685,CASR
HBIN014685,CASP9
HBIN014685,CASP8
HBIN014685,CASP3
HBIN014685,CASP1
HBIN014685,CALCR
HBIN014685,CALCB
HBIN014685,CALCA
HBIN014685,C5AR1
HBIN014685,C5
HBIN014685,C3AR1
HBIN014685,C3
HBIN014685,BRS3
HBIN014685,CXCR5
HBIN014685,BDKRB1
HBIN014685,OPN1SW
HBIN014685,BCL2L1
HBIN014685,BCKDHA
HBIN014685,AVPR2
HBIN014685,AVPR1B
HBIN014685,AVPR1A
HBIN014685,AVP
HBIN014685,RHOC
HBIN014685,RHOB
HBIN014685,RHOA
HBIN014685,AR
HBIN014685,FASLG
HBIN014685,APP
HBIN014685,BIRC3
HBIN014685,BIRC2
HBIN014685,ANXA1
HBIN014685,AMPD3
HBIN014685,AMPD2
HBIN014685,AMPD1
HBIN014685,AMBP
HBIN014685,AHCY
HBIN014685,APLNR
HBIN014685,AGTR2
HBIN014685,AGTR1
HBIN014685,AGT
HBIN014685,ADRB3
HBIN014685,ADRB2
HBIN014685,ADRB1
HBIN014685,ADRA2C
HBIN014685,ADRA2A
HBIN014685,ADRA1A
HBIN014685,ADRA1B
HBIN014685,ADRA1D
HBIN014685,ADORA2B
HBIN014685,ADORA2A
HBIN014685,ADORA1
HBIN014685,ADM
HBIN014685,ADK
HBIN014685,ADCYAP1R1
HBIN014685,ADCYAP1
HBIN014685,ADARB2
HBIN014685,ADARB1
HBIN014685,ADAR
HBIN014685,ADA
HBIN014685,ACTL6A
HBIN014685,ACTG2
HBIN014685,ACTG1
HBIN014685,ACTC1
HBIN014685,ACTB
HBIN014685,ACTA2
HBIN014685,ACTA1
HBIN014685,ASIC1
HBIN014685,ASIC2
HBIN014685,ACACB
HBIN015333,PTGS1
HBIN015333,CA2
HBIN015333,GABRA1
HBIN015333,CHRM3
HBIN015333,NCOA2
HBIN015333,PRSS1
HBIN015333,DRD1
HBIN015333,ACHE
HBIN015333,RXRA
HBIN015333,CHRM1
HBIN015333,DPEP1
HBIN015333,CHRM2
HBIN015333,SLC6A2
HBIN015333,ESR1
HBIN015333,DPP4
HBIN015333,SLC6A3
HBIN015333,PTGS2
HBIN015333,ADRA1B
HBIN015333,ADRA1D
HBIN015448,PTGS2
HBIN015448,DPP4
HBIN015448,DPEP1
HBIN015448,CHRM3
HBIN015448,GABRA1
HBIN015448,ACHE
HBIN015448,NCOA2
HBIN015462,NOS2
HBIN015462,ADRA1B
HBIN015462,CA2
HBIN015462,SLC6A2
HBIN015462,ADRB2
HBIN015462,ESR1
HBIN015462,CHRM1
HBIN015462,ADRA1D
HBIN015462,PTGS2
HBIN015462,RXRA
HBIN015462,DPP4
HBIN015462,PDE3A
HBIN015462,PRSS1
HBIN015462,ACHE
HBIN015462,SLC6A4
HBIN015462,CHRM2
HBIN015462,NCOA2
HBIN015462,CHRM3
HBIN015462,GABRA1
HBIN015651,GSK3B
HBIN015651,PRSS1
HBIN015651,GABRA1
HBIN015651,DPP4
HBIN015651,ACHE
HBIN015702,DPP4
HBIN015702,ADRA1D
HBIN015702,CHRM3
HBIN015702,ADRA1B
HBIN015702,CHRM2
HBIN015702,PRSS1
HBIN015702,GABRA1
HBIN015702,PDE3A
HBIN015702,SLC6A4
HBIN015702,SLC6A3
HBIN015702,SLC6A2
HBIN015702,RXRA
HBIN015702,MAOB
HBIN015702,MAOA
HBIN015702,IGHG1
HBIN015702,CHRM1
HBIN015702,ADRB2
HBIN015702,ADRB1
HBIN015702,ADRA1A
HBIN015704,CHRM2
HBIN015704,ACHE
HBIN015704,GABRA1
HBIN015704,DPP4
HBIN015704,PRSS1
HBIN015704,IL6
HBIN015949,PRSS1
HBIN016087,FAM102A
HBIN016087,ICAM1
HBIN016087,CYP1A1
HBIN016087,CASP9
HBIN016087,CASP3
HBIN016087,BCL2
HBIN016087,BAX
HBIN016087,BIRC2
HBIN016201,CDK2
HBIN016201,CA2
HBIN016201,DPEP1
HBIN016201,LYZ
HBIN016201,PLA2G2E
HBIN016201,PRSS1
HBIN016201,PTGS2
HBIN016201,PTGS1
HBIN016201,MAOB
HBIN016201,MAOA
HBIN017664,NOS2
HBIN017664,ADRA1D
HBIN017664,ADRA1B
HBIN017664,CHRM2
HBIN017664,CDK2
HBIN017664,ADRA2C
HBIN017664,ADRA2B
HBIN017664,CHRM3
HBIN017664,PDE3A
HBIN017664,CHEK1
HBIN017664,DPP4
HBIN017664,PKIA
HBIN017664,GABRA1
HBIN017664,SLC6A4
HBIN017664,SLC6A3
HBIN017664,SLC6A2
HBIN017664,SCN5A
HBIN017664,RXRA
HBIN017664,PTGS2
HBIN017664,PTGS1
HBIN017664,MAOB
HBIN017664,MAOA
HBIN017664,CHRM1
HBIN017664,ADRB2
HBIN017664,ADRB1
HBIN017664,ADRA2A
HBIN017664,ADRA1A
HBIN017987,MAOB
HBIN017987,GABRA1
HBIN017987,DPP4
HBIN017987,NCOA2
HBIN017987,ACHE
HBIN017987,PTGS2
HBIN017987,SLC6A2
HBIN017987,PRSS1
HBIN017987,CA2
HBIN018012,GABRA1
HBIN018012,CHRM1
HBIN018012,ESR1
HBIN018012,CHRNA2
HBIN018012,SLC6A2
HBIN018012,ACHE
HBIN018012,PRSS1
HBIN018012,PTGS1
HBIN018012,PTGS2
HBIN018012,ADRA1D
HBIN018012,CHRM3
HBIN018012,DPEP1
HBIN018012,NCOA2
HBIN018012,CA2
HBIN018012,DPP4
HBIN018012,SLC6A3
HBIN018012,CHRM2
HBIN018012,ADRA1B
HBIN018012,RXRA
HBIN018012,IL6
HBIN018019,PRSS1
HBIN018019,CHRM2
HBIN018019,SLC6A2
HBIN018019,RXRA
HBIN018019,CHRNA7
HBIN018019,CHRM3
HBIN018019,DPP4
HBIN018019,MAOB
HBIN018019,NCOA2
HBIN018019,PTGS1
HBIN018019,CA2
HBIN018019,DPEP1
HBIN018019,ADRA1B
HBIN018019,ADRA1D
HBIN018019,PTGS2
HBIN018019,CHRNA2
HBIN018019,ACHE
HBIN018019,CHRM1
HBIN018019,ESR1
HBIN018019,GABRA1
HBIN018094,CHRM3
HBIN018094,ACHE
HBIN018094,GABRA1
HBIN018094,DPP4
HBIN018094,PTGS2
HBIN018094,ADRA1D
HBIN018094,CDK1
HBIN018094,DPEP1
HBIN018094,NCOA2
HBIN018094,SLC6A2
HBIN018094,CHRM2
HBIN018094,CHRNA7
HBIN018094,ESR1
HBIN018094,RXRA
HBIN018094,PTGS1
HBIN018094,PRSS1
HBIN018094,CHRM1
HBIN018094,CA2
HBIN018094,TP53
HBIN018094,TEP1
HBIN018094,RB1
HBIN018094,POLD1
HBIN018094,EIF6
HBIN018094,CDKN1A
HBIN018094,CCNB1
HBIN018094,RUNX1T1
HBIN018094,BCL2
HBIN018094,RHOA
HBIN018263,ADRA1B
HBIN018263,RXRA
HBIN018263,PTGS2
HBIN018263,PRSS1
HBIN018263,CHRM2
HBIN018263,PTGS1
HBIN018263,ESR1
HBIN018263,DPEP1
HBIN018263,CHRM1
HBIN018263,CHRNA7
HBIN018263,NCOA2
HBIN018263,GABRA1
HBIN018263,DPP4
HBIN018263,CHRM3
HBIN018263,SLC6A2
HBIN018263,ACHE
HBIN018278,ESR2
HBIN018278,ADRA1D
HBIN018278,CHRM2
HBIN018278,KCNH2
HBIN018278,ADRA1B
HBIN018278,MAPK14
HBIN018278,OPRM1
HBIN018278,NR3C2
HBIN018278,PTGS2
HBIN018278,SLC6A4
HBIN018278,GABRA1
HBIN018278,CHEK1
HBIN018278,DPEP1
HBIN018278,PIM1
HBIN018278,PTGS1
HBIN018278,NOS2
HBIN018278,AR
HBIN018278,ADRB2
HBIN018278,PRSS1
HBIN018278,PPARG
HBIN018278,ESR1
HBIN018278,CA2
HBIN018278,CDK2
HBIN018278,PGR
HBIN018278,PDE3A
HBIN018278,CHRM3
HBIN018278,SCN5A
HBIN018278,CCNA2
HBIN018278,GSK3B
HBIN018278,CHRNA7
HBIN018278,CHRNA2
HBIN018278,DPP4
HBIN018278,NCOA2
HBIN018278,CHRM1
HBIN018278,NR3C1
HBIN018278,DRD1
HBIN018278,CHRM4
HBIN018278,ACHE
HBIN018278,TGFB1
HBIN018278,PRKCA
HBIN018278,PON1
HBIN018278,MAP2
HBIN018278,JUN
HBIN018278,CASP9
HBIN018278,CASP8
HBIN018278,CASP3
HBIN018278,BCL2
HBIN018278,BAX
HBIN018337,ACHE
HBIN018337,NCOA2
HBIN018337,ESR1
HBIN018337,DPEP1
HBIN018337,DPP4
HBIN018337,ADRA1B
HBIN018337,CA2
HBIN018337,CHRNA2
HBIN018337,PRSS1
HBIN018337,CHRM3
HBIN018337,GABRA1
HBIN018337,CHRM2
HBIN018337,PTGS2
HBIN018337,PTGS1
HBIN018337,CHRM1
HBIN018952,PRSS1
HBIN018952,SRC
HBIN018952,PLA2G2E
HBIN018952,FKBP1A
HBIN018952,PRSS3
HBIN018952,GATM
HBIN018952,BCHE
HBIN018952,ABAT
HBIN019062,PLA2G2E
HBIN019062,PRSS3
HBIN019252,RXRA
HBIN019252,PTGS2
HBIN019252,DPP4
HBIN019252,DPEP1
HBIN019252,ACHE
HBIN019252,NOS2
HBIN019252,SLC6A2
HBIN019252,CA2
HBIN019252,CHRM3
HBIN019252,PRSS1
HBIN019252,ADRA1D
HBIN019252,GABRA1
HBIN019252,CHRM2
HBIN019252,NCOA2
HBIN019252,CHRM1
HBIN019252,ESR1
HBIN019252,DRD1
HBIN019493,ACHE
HBIN019507,ACHE
HBIN019507,GABRA1
HBIN019507,DPP4
HBIN019507,GRIA2
HBIN019786,TRPV3
HBIN019786,TRPM3
HBIN019786,TRPM7
HBIN019786,TRPM4
HBIN019786,TRPM5
HBIN019786,TRPA1
HBIN019786,TRPM2
HBIN019786,PTGS1
HBIN019786,TRPM1
HBIN019786,HTR2A
HBIN019786,HSPD1
HBIN019786,HSPA4
HBIN019786,CASP3
HBIN020014,ACHE
HBIN020014,CHRM3
HBIN020014,DPP4
HBIN020014,CHRM2
HBIN020014,CHRNA7
HBIN020014,CHRM1
HBIN020014,GABRA1
HBIN020253,GABRA1
HBIN020253,AR
HBIN020253,CA2
HBIN020253,CHRM4
HBIN020253,ACHE
HBIN020253,ESR1
HBIN020253,NCOA2
HBIN020253,PIM1
HBIN020253,CHRM3
HBIN020253,CHRM2
HBIN020253,ADRA1B
HBIN020253,PDE3A
HBIN020253,SLC6A4
HBIN020253,PTGS2
HBIN020253,CHRM1
HBIN020253,CALM3
HBIN020253,ADRB2
HBIN020406,CHKB-CPT1B
HBIN020406,SLC44A5
HBIN020406,PLD6
HBIN020406,PHOSPHO1
HBIN020406,SLC5A8
HBIN020406,SLC5A12
HBIN020406,SLC44A3
HBIN020406,PLD4
HBIN020406,SLC5A7
HBIN020406,SLC44A2
HBIN020406,GPCPD1
HBIN020406,ETNK1
HBIN020406,CHDH
HBIN020406,ETNK2
HBIN020406,PLD3
HBIN020406,SLC44A1
HBIN020406,PPARGC1A
HBIN020406,CLEC2B
HBIN020406,PTDSS1
HBIN020406,PCYT1B
HBIN020406,SLC5A6
HBIN020406,TNF
HBIN020406,SUV39H1
HBIN020406,SLC22A2
HBIN020406,SLC22A1
HBIN020406,SLC5A5
HBIN020406,S100A4
HBIN020406,REN
HBIN020406,PLD2
HBIN020406,PLD1
HBIN020406,PCYT1A
HBIN020406,LYZ
HBIN020406,GRIN2A
HBIN020406,GCG
HBIN020406,CHRNA7
HBIN020406,CHKB
HBIN020406,CHKA
HBIN020406,CHAT
HBIN020406,BHMT
HBIN020406,BDNF
HBIN020406,BCHE
HBIN020406,ADH7
HBIN020406,ADH6
HBIN020406,ADH5
HBIN020406,ADH4
HBIN020406,ADH1B
HBIN020406,ADH1A
HBIN020406,ACHE
HBIN020876,GABRA1
HBIN020876,NOS2
HBIN020876,PTGS2
HBIN020876,CYP1A2
HBIN020955,CHRM3
HBIN020955,CHRM2
HBIN020955,ACHE
HBIN021167,GRIA2
HBIN021167,PTGS2
HBIN021167,SLC6A2
HBIN021167,DPP4
HBIN021167,GABRA1
HBIN021168,ESR2
HBIN021168,CCNA2
HBIN021168,CHRNA7
HBIN021168,AR
HBIN021168,DPP4
HBIN021168,GABRA1
HBIN021168,ESR1
HBIN021168,RXRA
HBIN021168,ADRB2
HBIN021168,GSK3B
HBIN021168,PIM1
HBIN021168,MAPK14
HBIN021168,PPARG
HBIN021168,CHRM1
HBIN021168,NOS2
HBIN021168,SCN5A
HBIN021168,CHEK1
HBIN021168,CDK2
HBIN021168,PTGS2
HBIN021368,CDK2
HBIN021368,PPARG
HBIN021368,MAPK14
HBIN021368,PRSS1
HBIN021368,CCNA2
HBIN021368,GSK3B
HBIN021368,CA2
HBIN021368,AR
HBIN021368,DPP4
HBIN021368,SCN5A
HBIN021368,PTGS2
HBIN021368,NOS2
HBIN021368,ESR1
HBIN021368,CALM3
HBIN021904,AR
HBIN021904,PRSS1
HBIN021904,MAOB
HBIN021904,MAOA
HBIN021904,NR3C1
HBIN021921,GABRA1
HBIN021921,ADRA1B
HBIN021921,ADRA1D
HBIN021921,CHRM3
HBIN021921,CHRNA2
HBIN021921,CHRM2
HBIN021921,DRD1
HBIN021921,PDE3A
HBIN021921,DPP4
HBIN021921,SLC6A4
HBIN021921,SLC6A3
HBIN021921,SLC6A2
HBIN021921,SCN5A
HBIN021921,RXRA
HBIN021921,PTGS2
HBIN021921,PTGS1
HBIN021921,GRIA2
HBIN021921,ESR1
HBIN021921,CHRM1
HBIN021921,ADRB2
HBIN021921,ADRA2A
HBIN021921,ADRA1A
HBIN021921,ACHE
HBIN021985,PRSS1
HBIN021985,CCNA2
HBIN021985,ESR2
HBIN021985,DPP4
HBIN021985,KCNH2
HBIN021985,GSK3B
HBIN021985,AR
HBIN021985,CHEK1
HBIN021985,PIM1
HBIN021985,ESR1
HBIN021985,MAPK14
HBIN021985,GUSBP1
HBIN021985,PGP
HBIN021985,FTMT
HBIN021985,HIF3A
HBIN021985,TLR9
HBIN021985,PRKAG2
HBIN021985,ING4
HBIN021985,SPEN
HBIN021985,DNAJB4
HBIN021985,OGA
HBIN021985,BCL2L11
HBIN021985,MAPK8IP1
HBIN021985,ABCG2
HBIN021985,TNFRSF10A
HBIN021985,TNFRSF10B
HBIN021985,XDH
HBIN021985,WT1
HBIN021985,VEGFA
HBIN021985,VCAM1
HBIN021985,NR2C2
HBIN021985,TP53
HBIN021985,TNF
HBIN021985,TLR4
HBIN021985,TIMP1
HBIN021985,TGFBR1
HBIN021985,TGFB1
HBIN021985,TEP1
HBIN021985,SYK
HBIN021985,SREBF1
HBIN021985,SRC
HBIN021985,SOD1
HBIN021985,SELP
HBIN021985,SELE
HBIN021985,CCL2
HBIN021985,RELA
HBIN021985,RB1
HBIN021985,PTK2
HBIN021985,PTGS2
HBIN021985,MAPK13
HBIN021985,MAPK3
HBIN021985,MAPK1
HBIN021985,PRKCB
HBIN021985,PPARG
HBIN021985,POLD1
HBIN021985,PLAU
HBIN021985,ABCB1
HBIN021985,PECAM1
HBIN021985,PDGFRB
HBIN021985,PCNA
HBIN021985,PCK1
HBIN021985,SERPINE1
HBIN021985,ODC1
HBIN021985,NOS2
HBIN021985,NKX3-1
HBIN021985,NGF
HBIN021985,NFKBIA
HBIN021985,NCBP1
HBIN021985,MYD88
HBIN021985,MYC
HBIN021985,MT1E
HBIN021985,MSH3
HBIN021985,MPO
HBIN021985,MMP14
HBIN021985,MMP9
HBIN021985,MMP3
HBIN021985,MMP2
HBIN021985,MMP1
HBIN021985,MDM2
HBIN021985,MCL1
HBIN021985,MAOB
HBIN021985,MAOA
HBIN021985,LDLR
HBIN021985,KDR
HBIN021985,JUND
HBIN021985,JUN
HBIN021985,JAK2
HBIN021985,EIF6
HBIN021985,CXCL8
HBIN021985,IL6
HBIN021985,IL1B
HBIN021985,IKBKB
HBIN021985,IGF1R
HBIN021985,ICAM1
HBIN021985,HSPB1
HBIN021985,HMOX1
HBIN021985,HIF1A
HBIN021985,GSTP1
HBIN021985,GSTM2
HBIN021985,GSTM1
HBIN021985,GSTA2
HBIN021985,GSTA1
HBIN021985,GCK
HBIN021985,G6PC
HBIN021985,FOS
HBIN021985,FGF2
HBIN021985,FASN
HBIN021985,F3
HBIN021985,ETS1
HBIN021985,EP300
HBIN021985,EGR1
HBIN021985,EGFR
HBIN021985,ECM1
HBIN021985,HBEGF
HBIN021985,DFFB
HBIN021985,CYP3A4
HBIN021985,CYP2D6
HBIN021985,CYP1A1
HBIN021985,CTLA4
HBIN021985,COL1A1
HBIN021985,CHUK
HBIN021985,CEBPB
HBIN021985,CDKN1A
HBIN021985,CDH11
HBIN021985,CD80
HBIN021985,CD28
HBIN021985,CCND3
HBIN021985,CCNB1
HBIN021985,CAV1
HBIN021985,CASP9
HBIN021985,CASP8
HBIN021985,CASP7
HBIN021985,CASP3
HBIN021985,BTK
HBIN021985,BDNF
HBIN021985,BCL2L1
HBIN021985,BCL2
HBIN021985,CCND1
HBIN021985,BAX
HBIN021985,BAK1
HBIN021985,BAD
HBIN021985,APP
HBIN021985,BIRC5
HBIN021985,XIAP
HBIN021985,ANGPT1
HBIN021985,ALPI
HBIN021985,ALB
HBIN021985,AKT1
HBIN021985,AHR
HBIN021985,PARP1
HBIN021985,ACTA2
HBIN021985,NAT1
HBIN021990,ESR1
HBIN021990,ACHE
HBIN021990,CHRM2
HBIN021990,CHRM3
HBIN021990,PGR
HBIN021990,AR
HBIN021990,NR3C1
HBIN022017,SLC6A3
HBIN022017,CHRM3
HBIN022017,PDE3A
HBIN022017,NR3C1
HBIN022017,CHRM1
HBIN022017,GABRA1
HBIN022017,SLC6A4
HBIN022017,SLC6A2
HBIN022017,AR
HBIN022017,ADRA1D
HBIN022017,ADRB2
HBIN022017,ADRA1B
HBIN022017,ADRB1
HBIN022407,LYZ
HBIN022407,PRSS1
HBIN022407,SLC6A2
HBIN023522,TP53
HBIN023522,BCL2
HBIN024384,PRSS1
HBIN025885,PRSS1
HBIN025885,MAOB
HBIN026019,DPP4
HBIN026019,ACHE
HBIN026019,PRSS1
HBIN026019,GABRA1
HBIN026019,AR
HBIN026019,CHRM2
HBIN026019,NR3C1
HBIN026379,DPP4
HBIN026379,ACHE
HBIN026379,CHRM2
HBIN026379,PRSS1
HBIN026379,CHRM3
HBIN026379,GABRA1
HBIN026379,PTGS2
HBIN026379,MAOB
HBIN026379,CHRM1
HBIN026440,ADRA2B
HBIN026440,DPP4
HBIN026440,LTA4H
HBIN026440,NOS2
HBIN026440,PRSS1
HBIN026440,ADRA1D
HBIN026440,CTRB1
HBIN026440,CA2
HBIN026440,DPEP1
HBIN026440,PPARG
HBIN026440,CDK2
HBIN026440,SLC6A3
HBIN026440,SLC6A2
HBIN026440,PTGS2
HBIN026440,PTGS1
HBIN026440,PLAU
HBIN026440,MAOB
HBIN026440,MAOA
HBIN026440,ADRB2
HBIN026440,ADRA2A
HBIN026440,ADRA1A
HBIN026465,PTGS2
HBIN026465,PTGS1
HBIN026465,ADRA2A
HBIN026465,ESR1
HBIN026465,CHRM2
HBIN026465,PRSS1
HBIN026465,CHRM1
HBIN026465,CA2
HBIN026465,CDK2
HBIN026465,ADRA1D
HBIN026465,LTA4H
HBIN026465,NOS2
HBIN026465,MAOB
HBIN026465,DPP4
HBIN026465,ADRB2
HBIN026465,MAOA
HBIN026465,SLC6A2
HBIN026465,ADRA2B
HBIN026465,PKIA
HBIN026465,DPEP1
HBIN026465,ADRB1
HBIN026465,SLC6A3
HBIN026468,DPP4
HBIN026468,PPARG
HBIN026468,ADRA2B
HBIN026468,PRSS1
HBIN026468,CA2
HBIN026468,NOS2
HBIN026468,CDK2
HBIN026468,DPEP1
HBIN026468,CHRM2
HBIN026468,CTRB1
HBIN026468,LTA4H
HBIN026468,SLC6A3
HBIN026468,SLC6A2
HBIN026468,PTGS2
HBIN026468,PTGS1
HBIN026468,MAOB
HBIN026468,MAOA
HBIN026468,ADRB2
HBIN026468,ADRA2A
HBIN028522,PRSS1
HBIN028522,LYZ
HBIN029013,GABRA1
HBIN029013,NOS2
HBIN029013,AR
HBIN029013,PRSS1
HBIN029013,NR3C1
HBIN029013,CHRM2
HBIN029013,ACHE
HBIN029013,NCOA2
HBIN029013,ESR1
HBIN029013,CA2
HBIN029013,DPP4
HBIN029013,DPEP1
HBIN029013,NCOA1
HBIN029013,PTGS2
HBIN029013,IGHG1
HBIN029013,CHRM1
HBIN029328,PRSS3
HBIN029328,PRSS1
HBIN029328,ISYNA1
HBIN029443,PIM1
HBIN029443,CA2
HBIN029443,DPP4
HBIN029443,PRSS1
HBIN029443,GABRA1
HBIN029443,CTSD
HBIN029840,CDK2
HBIN029840,PRSS3
HBIN029840,CA2
HBIN029840,PRSS1
HBIN029840,LYZ
HBIN029840,ADH1A
HBIN030634,CHRNA7
HBIN030634,NOS2
HBIN030634,GABRA1
HBIN030634,DPP4
HBIN030634,CHRM2
HBIN030634,ACHE
HBIN030634,CHRM3
HBIN030634,PTGS2
HBIN030634,CHRM1
HBIN030728,ADRA1B
HBIN030728,LTA4H
HBIN030728,CA2
HBIN030728,CHRM2
HBIN030728,CHRM3
HBIN030728,NOS2
HBIN030728,PRSS1
HBIN030728,ACHE
HBIN030728,DPEP1
HBIN030728,LYZ
HBIN030728,ADRA1D
HBIN030728,DPP4
HBIN030728,ADRA2C
HBIN030728,SLC6A3
HBIN030728,SLC6A2
HBIN030728,RELA
HBIN030728,PTGS2
HBIN030728,PTGS1
HBIN030728,NFATC3
HBIN030728,MAOB
HBIN030728,MAOA
HBIN030728,IL2
HBIN030728,CHRM1
HBIN030728,ADRB2
HBIN030728,ADRB1
HBIN030728,ADRA2A
HBIN030728,ADRA1A
HBIN030734,AR
HBIN030734,PGR
HBIN030819,NOS2
HBIN030819,ESR1
HBIN030819,PTGS2
HBIN030819,HMOX1
HBIN030819,GSTA2
HBIN031367,PRSS1
HBIN031367,LYZ
HBIN032850,CHRM3
HBIN032850,ACHE
HBIN032850,DPP4
HBIN032850,CHRM2
HBIN032850,ADRA1B
HBIN032850,GABRA1
HBIN032850,CHRM1
HBIN033036,NCOA2
HBIN033036,ESR1
HBIN033036,AR
HBIN033036,NCOA1
HBIN033036,PGR
HBIN033036,NR3C1
HBIN033170,PPARG
HBIN033170,NCF1
HBIN033170,DUOX2
HBIN033198,GABRA1
HBIN033198,PTGS2
HBIN033198,NOS2
HBIN033198,KL
HBIN033198,SST
HBIN033198,ABCB1
HBIN033245,IL4
HBIN033245,IFNG
HBIN033245,HMGCR
HBIN033245,CYP2C9
HBIN033245,CYP2C19
HBIN033245,BCL2
HBIN033245,BAD
HBIN034524,PRSS1
HBIN034596,SQSTM1
HBIN034596,BECN1
HBIN034596,SERPINE1
HBIN034596,ITGAM
HBIN034596,IL15
HBIN034596,IL12B
HBIN034596,IL12A
HBIN034596,CASP3
HBIN034596,ACHE
HBIN034783,ACHE
HBIN034783,CA2
HBIN034783,PRSS1
HBIN035120,PRSS3
HBIN035120,AGXT
HBIN035120,ACHE
HBIN035120,NFS1
HBIN035120,CELA3A
HBIN035120,ALDH9A1
HBIN035120,CHDH
HBIN035120,GABRA1
HBIN035120,PRSS1
HBIN035120,GPHN
HBIN035120,SLC36A1
HBIN035120,ME2
HBIN035120,AGXT2
HBIN035120,NOS2
HBIN035120,TPI1
HBIN035120,F13A1
HBIN035120,GNMT
HBIN035120,XDH
HBIN035120,PTGS1
HBIN035120,MMP8
HBIN035120,GPT
HBIN035120,GLB1
HBIN035120,GATM
HBIN035120,CTSD
HBIN035120,CTH
HBIN035120,CAT
HBIN035120,BCHE
HBIN035120,ABAT
HBIN035376,PRSS1
HBIN035376,LYZ
HBIN035798,DPP4
HBIN035798,ADH1A
HBIN035798,GABRA1
HBIN035798,PRSS1
HBIN035798,PTGS2
HBIN035798,ACHE
HBIN036067,PRSS1
HBIN036067,AR
HBIN036067,NR3C1
HBIN036067,GABRA1
HBIN036159,DPP4
HBIN036159,PTGS1
HBIN036159,BCHE
HBIN036159,PRSS1
HBIN036159,NCOA1
HBIN036159,NOS2
HBIN036159,PTGS2
HBIN036159,PLA2G1B
HBIN036159,ACHE
HBIN036159,NCOA2
HBIN036159,LCAT
HBIN036162,PTGS2
HBIN036162,ADRA1D
HBIN036162,ACHE
HBIN036162,CA2
HBIN036162,SLC6A2
HBIN036162,ADRA2B
HBIN036162,PTGS1
HBIN036162,ADRA2C
HBIN036162,ADRA2A
HBIN036162,CDK2
HBIN036162,PRSS1
HBIN036162,SLC6A3
HBIN036162,PDE3A
HBIN036162,CHRM3
HBIN036162,NOS2
HBIN036162,ADRB2
HBIN036162,GABRA1
HBIN036162,SLC6A4
HBIN036162,DRD1
HBIN036162,DPP4
HBIN036162,SCN5A
HBIN036162,CHRM1
HBIN036162,DPEP1
HBIN036162,MAOB
HBIN036162,LTA4H
HBIN036162,ADRB1
HBIN036162,ADRA1B
HBIN036162,PKIA
HBIN036162,CHRM2
HBIN036162,N4BP2
HBIN036162,MAP3K20
HBIN036162,REV1
HBIN036162,HPGDS
HBIN036162,SESN1
HBIN036162,MLH3
HBIN036162,ANKRD17
HBIN036162,PPP1R15A
HBIN036162,PNKP
HBIN036162,CHEK2
HBIN036162,DMC1
HBIN036162,GADD45G
HBIN036162,SMC1A
HBIN036162,BTG2
HBIN036162,XRCC3
HBIN036162,XRCC2
HBIN036162,TP73
HBIN036162,MAPK12
HBIN036162,RAD51B
HBIN036162,RAD51
HBIN036162,RAD9A
HBIN036162,PRKDC
HBIN036162,PMS2
HBIN036162,OGG1
HBIN036162,NBN
HBIN036162,MUTYH
HBIN036162,MSH3
HBIN036162,MRE11
HBIN036162,IGHMBP2
HBIN036162,HUS1
HBIN036162,GTF2H2
HBIN036162,FEN1
HBIN036162,ERCC2
HBIN036162,ERCC1
HBIN036162,GADD45A
HBIN036162,CYP1A2
HBIN036162,CYP1A1
HBIN036162,CDK7
HBIN036162,CASP3
HBIN036162,BRCA1
HBIN036162,ATM
HBIN036162,ABL1
HBIN036308,PRDX5
HBIN036308,UCHL1
HBIN036308,RAF1
HBIN036308,MPO
HBIN036308,JUN
HBIN036308,EIF6
HBIN036308,CXCL8
HBIN036308,FUS
HBIN036308,FOS
HBIN036308,CYP1A1
HBIN036308,BCL2
HBIN036907,ADH1A
HBIN036907,PTGS2
HBIN036907,CDK2
HBIN036907,LYZ
HBIN036907,PTGS1
HBIN036907,CA2
HBIN036907,PRSS3
HBIN036907,PRSS1
HBIN036907,MOGAT2
HBIN036907,PPARGC1A
HBIN036907,PDHX
HBIN036907,PPARA
HBIN036907,NOS3
HBIN036907,LPL
HBIN036907,HP
HBIN036907,ATP5F1B
HBIN036907,APOB
HBIN037213,PRSS1
HBIN037213,PLA2G1B
HBIN037213,ACHE
HBIN037213,PLB1
HBIN037213,IGHG1
HBIN037250,PRSS1
HBIN037250,ACHE
HBIN037250,ESR1
HBIN037250,GABRA1
HBIN037250,DPP4
HBIN037250,AR
HBIN037250,RDH12
HBIN037250,TFPI2
HBIN037629,LYZ
HBIN037629,AR
HBIN037629,CA2
HBIN037629,PRSS1
HBIN037629,CDK2
HBIN037629,ESR1
HBIN037629,NCOA2
HBIN037629,ACHE
HBIN037629,DPEP1
HBIN037629,PTGS2
HBIN037629,PTGS1
HBIN037629,PGR
HBIN037629,MAOB
HBIN037629,NR3C1
HBIN037713,ADH1A
HBIN037713,LYZ
HBIN037713,PRSS1
HBIN037713,PTGS2
HBIN037713,PTGS1
HBIN038398,ADRA1D
HBIN038398,PRSS1
HBIN038398,CHRM2
HBIN038398,ADRA1B
HBIN038398,ADRA2C
HBIN038398,SLC6A3
HBIN038398,SLC6A2
HBIN038398,CHRM1
HBIN038398,ADRB2
HBIN038398,ADRB1
HBIN038398,ADRA1A
HBIN038486,PRSS1
HBIN038486,LYZ
HBIN038680,ACHE
HBIN038680,DPP4
HBIN038680,NOS2
HBIN038680,PRSS1
HBIN038680,RHO
HBIN038680,PPARG
HBIN038680,NCOA2
HBIN038680,GUSBP1
HBIN038680,TNF
HBIN038680,SLC22A5
HBIN038680,PTGS2
HBIN038680,PTGS1
HBIN038680,PTEN
HBIN038680,POLD1
HBIN038680,PCYT1A
HBIN038680,MYC
HBIN038680,IL10
HBIN038680,IGHG1
HBIN038680,CTSD
HBIN038680,COL1A1
HBIN038680,CDK4
HBIN038680,BCL2
HBIN038680,CCND1
HBIN039000,PRSS1
HBIN039000,ADH1A
HBIN039001,SQSTM1
HBIN039001,BECN1
HBIN039001,SERPINE1
HBIN039001,ITGAM
HBIN039001,IL15
HBIN039001,IL12B
HBIN039001,IL12A
HBIN039001,CASP3
HBIN039001,ACHE
HBIN040347,PRSS1
HBIN042760,CA2
HBIN042760,LYZ
HBIN042760,CHRM2
HBIN042760,DPP4
HBIN042760,ADRA2B
HBIN042760,CTRB1
HBIN042760,DPEP1
HBIN042760,ADRA2C
HBIN042760,PRSS1
HBIN042760,NOS2
HBIN042760,ADRA1B
HBIN042760,LTA4H
HBIN042760,ADRA1D
HBIN042760,SLC6A3
HBIN042760,SLC6A2
HBIN042760,PTGS2
HBIN042760,PTGS1
HBIN042760,MAOB
HBIN042760,MAOA
HBIN042760,CHRM1
HBIN042760,CDK2
HBIN042760,ADRB2
HBIN042760,ADRB1
HBIN042760,ADRA2A
HBIN042760,ADRA1A
HBIN043442,MITF
HBIN043442,CASP3
HBIN043445,LTA4H
HBIN043445,DPEP1
HBIN043445,DPP4
HBIN043445,CA2
HBIN043445,PIM1
HBIN043445,ESR1
HBIN043445,PPARG
HBIN043445,NOS2
HBIN043445,CCNA2
HBIN043445,PRSS1
HBIN043445,CDK2
HBIN043445,SLC6A2
HBIN043445,PTGS2
HBIN043445,PTGS1
HBIN043445,NQO2
HBIN043445,MITF
HBIN043445,MAOB
HBIN043445,GRIA2
HBIN043445,CASP3
HBIN043445,CA1
HBIN043445,ADRB2
HBIN043446,PRSS1
HBIN043446,AR
HBIN043446,CA2
HBIN043446,ESR2
HBIN043446,ESR1
HBIN043446,NOS2
HBIN043446,DPEP1
HBIN043446,CCNA2
HBIN043446,CDK2
HBIN043446,PIM1
HBIN043446,GSK3B
HBIN043446,DPP4
HBIN043446,PTGS2
HBIN043446,MAPK14
HBIN043549,AR
HBIN043549,ESR1
HBIN043605,ACHE
HBIN043605,GABRA1
HBIN043605,PRSS1
HBIN043605,NOS2
HBIN043605,CA2
HBIN043605,DPEP1
HBIN043605,DPP4
HBIN043605,SLC6A2
HBIN043605,PTGS2
HBIN043605,GRIA2
HBIN043727,NOS2
HBIN043727,CHRM2
HBIN043727,DPP4
HBIN043727,ADRA2B
HBIN043727,PPARG
HBIN043727,DPEP1
HBIN043727,GABRA1
HBIN043727,PKIA
HBIN043727,CDK2
HBIN043727,SLC6A4
HBIN043727,PTGS2
HBIN043727,PTGS1
HBIN043727,MAOB
HBIN043727,CHRM1
HBIN043727,ADRB2
HBIN043728,GRIA2
HBIN043728,NOS2
HBIN043728,ACHE
HBIN043728,CDK2
HBIN043728,PTGS2
HBIN043728,DPEP1
HBIN043728,CA2
HBIN043728,GABRA1
HBIN043729,SCN5A
HBIN043729,NOS2
HBIN043729,SLC6A4
HBIN043729,CHRM2
HBIN043729,PTGS2
HBIN043729,CDK2
HBIN043729,DPEP1
HBIN043729,PTGS1
HBIN043729,CHRM1
HBIN043729,SLC6A2
HBIN043729,MAOB
HBIN043729,ADRB2
HBIN043729,GABRA1
HBIN043729,DPP4
HBIN043729,PDE3A
HBIN043729,CHEK1
HBIN043729,CHRM3
HBIN043729,ADRA2B
HBIN044152,PIM1
HBIN044152,CHEK1
HBIN044152,ESR2
HBIN044152,ADRA1B
HBIN044152,GSK3B
HBIN044152,CCNA2
HBIN044152,NOS2
HBIN044152,CDK2
HBIN044152,PDE3A
HBIN044152,ESR1
HBIN044152,NCOA2
HBIN044152,MAPK14
HBIN044152,AR
HBIN044152,PPARG
HBIN044152,CHRM3
HBIN044152,ADRA1D
HBIN044152,PRSS1
HBIN044152,DPP4
HBIN044152,SCN5A
HBIN044152,RXRA
HBIN044152,PTGS2
HBIN044152,PTGS1
HBIN044152,PGR
HBIN044152,KCNH2
HBIN044152,HTR3A
HBIN044152,CHRM1
HBIN044152,CALM3
HBIN044152,ADRB2
HBIN044918,GABRA1
HBIN044918,AKR1B1
HBIN044918,NR3C1
HBIN044918,ACHE
HBIN044918,SLC6A2
HBIN044918,PTGS1
HBIN044918,DPP4
HBIN044918,NOS2
HBIN044918,CA2
HBIN044918,CHRM3
HBIN044918,NCOA1
HBIN044918,PTGS2
HBIN044918,ADRA2A
HBIN044918,NCOA2
HBIN044918,ADRB1
HBIN044918,ADRB2
HBIN044918,NR3C2
HBIN044918,PGR
HBIN044918,CHRNA7
HBIN044918,PLAU
HBIN044918,PPARG
HBIN044918,ADRA1D
HBIN044918,SLC6A3
HBIN044918,DPEP1
HBIN044918,CDK2
HBIN044918,RXRA
HBIN044918,SCN5A
HBIN044918,ADRA1B
HBIN044918,CTRB1
HBIN044918,MAOA
HBIN044918,PRSS1
HBIN044918,MAOB
HBIN044918,ESR1
HBIN044918,LTA4H
HBIN044918,AR
HBIN044918,CHRM2
HBIN044918,CHRM1
HBIN044918,ABCG8
HBIN044918,ABCG5
HBIN044918,SLCO1B1
HBIN044918,HMGCR
HBIN044918,ABCA1
HBIN045062,PRSS1
HBIN045062,OTC
HBIN045062,GLUD1
HBIN045062,GOT2
HBIN045062,TPI1
HBIN045062,CDC25B
HBIN045062,CTSD
HBIN045062,ACAA2
HBIN045062,CDK2
HBIN045062,PIM1
HBIN045062,SRC
HBIN045062,OAT
HBIN045062,P4HA2
HBIN045062,GABRA1
HBIN045062,PHGDH
HBIN045062,PRSS3
HBIN045062,P3H1
HBIN045062,TXNRD1
HBIN045062,AGXT
HBIN045062,ADH1A
HBIN045062,AKR1B1
HBIN045062,SDHA
HBIN045062,BCHE
HBIN045062,ME2
HBIN045062,NOS2
HBIN045062,DPP4
HBIN045062,SLC25A10
HBIN045062,GOT1
HBIN045062,CA2
HBIN045062,ABAT
HBIN045062,PKM
HBIN045071,CCNA2
HBIN045071,PRSS1
HBIN045071,CDK2
HBIN045071,ESR2
HBIN045071,AR
HBIN045071,GSK3B
HBIN045071,CHEK1
HBIN045071,ADRA1D
HBIN045071,F7
HBIN045071,PIM1
HBIN045071,DPP4
HBIN045071,NOS2
HBIN045071,PPARG
HBIN045071,ESR1
HBIN045071,MAPK14
HBIN045071,PDE3A
HBIN045071,NCOA1
HBIN045071,SCN5A
HBIN045071,RXRA
HBIN045071,PTGS2
HBIN045071,PTGS1
HBIN045071,KCNH2
HBIN045071,CALM3
HBIN045071,ADRB2
HBIN046033,TNF
HBIN046494,LYZ
HBIN046494,PRSS1
HBIN046494,ACHE
HBIN046494,SLC6A3
HBIN046494,PTGS2
HBIN046494,PTGS1
HBIN046494,ADRB2
HBIN047005,SLC6A17
HBIN047005,SLC6A18
HBIN047005,SLC6A19
HBIN047005,SLC6A15
HBIN047005,SLC6A20
HBIN047005,SLC6A16
HBIN047005,SLC6A5
HBIN047005,SLC6A13
HBIN047005,SLC6A12
HBIN047005,SLC6A11
HBIN047005,SLC6A9
HBIN047005,SLC6A8
HBIN047005,SLC6A7
HBIN047005,SLC6A4
HBIN047005,SLC6A3
HBIN047005,SLC6A2
HBIN047005,SLC6A1
HBIN047005,KCNK1
HBIN047005,CD1D
HBIN047005,B2M
HBIN047017,ESR1
HBIN047017,NR3C1
HBIN047017,PRSS1
HBIN047017,AR
HBIN047017,PGR
HBIN047017,NR3C2
HBIN047260,PRSS1
HBIN047561,CDK2
HBIN047561,DPEP1
HBIN047561,GABRA1
HBIN047561,PRSS1
HBIN047561,ADH1A
HBIN047561,CA2
HBIN047561,LYZ
HBIN047561,SLC7A7
HBIN047561,MAOB
HBIN047561,ABAT
HBIN047563,ESR2
HBIN047563,MAPK14
HBIN047563,PRSS1
HBIN047563,KDR
HBIN047563,PIM1
HBIN047563,F7
HBIN047563,ESR1
HBIN047563,AR
HBIN047563,NOS2
HBIN047563,PPARG
HBIN047563,PTGS2
HBIN047563,CDK2
HBIN047579,PLA2G2A
HBIN047579,IFNAR2
HBIN047744,DPEP1
HBIN047744,LYZ
HBIN047744,ACHE
HBIN047744,GABRA1
HBIN047744,CA2
HBIN047744,PRSS1
HBIN047744,DPP4
HBIN047744,CDK2
HBIN047744,PTGS2
HBIN047744,MAPK3
HBIN047744,MAPK1
HBIN047744,MMP9
HBIN047744,MAOB
HBIN047744,MAOA
HBIN047744,JUN
HBIN048349,CTRB1
HBIN048349,CA2
HBIN048349,CDK2
HBIN048349,ACHE
HBIN048349,DPEP1
HBIN048349,LYZ
HBIN048349,PRSS1
HBIN048349,PTGS2
HBIN048349,PTGS1
HBIN048349,MAOB
HBIN048349,MAOA
HBIN048353,ACHE
HBIN048353,DPEP1
HBIN048353,CDK2
HBIN048353,LYZ
HBIN048353,NOS2
HBIN048353,CA2
HBIN048353,PRSS1
HBIN048353,PTGS2
HBIN048353,PTGS1
HBIN048353,MAOB
HBIN048353,MAOA
HBIN048749,ACHE
HBIN048749,GABRA1
HBIN001244,NCOA2
HBIN001244,PPARG
HBIN001244,PTGS2
HBIN001244,PTGS1
HBIN002016,NOS2
HBIN002016,AR
HBIN002016,PIM1
HBIN002016,ESR2
HBIN002016,MAPK14
HBIN002016,CDK2
HBIN002016,CCNA2
HBIN002016,GSK3B
HBIN002016,CHEK1
HBIN002016,PPARG
HBIN002016,ESR1
HBIN002016,RXRA
HBIN002016,PTGS2
HBIN002016,PRSS1
HBIN006743,NCOA2
HBIN006743,CA2
HBIN006743,AR
HBIN007848,MAPK14
HBIN007848,AR
HBIN007848,ADRA2C
HBIN007848,CA2
HBIN007848,GABRA1
HBIN007848,PPARG
HBIN007848,NCOA2
HBIN007848,CDK2
HBIN007848,GSK3B
HBIN007848,ADRA1D
HBIN007848,PIM1
HBIN007848,PDE3A
HBIN007848,ESR2
HBIN007848,CCNA2
HBIN007848,ADRA1B
HBIN007848,CHEK1
HBIN007848,DPP4
HBIN007848,CHRM3
HBIN007848,SCN5A
HBIN007848,RXRA
HBIN007848,PTGS2
HBIN007848,PTGS1
HBIN007848,PRSS1
HBIN007848,OPRM1
HBIN007848,NOS2
HBIN007848,HTR3A
HBIN007848,ESR1
HBIN007848,CHRM1
HBIN007848,CALM3
HBIN007848,ADRB2
HBIN007848,ADRB1
HBIN007848,ACHE
HBIN008647,CDK2
HBIN008647,LYZ
HBIN008647,ADH1A
HBIN008647,PRSS1
HBIN008668,CCNA2
HBIN008668,AR
HBIN008668,CA2
HBIN008668,F7
HBIN008668,PTGS2
HBIN013410,NCOA2
HBIN013410,CHRM2
HBIN013410,PDE3A
HBIN013410,ADRA2C
HBIN013410,CHRM3
HBIN013410,CA2
HBIN013410,PIM1
HBIN013410,CHRM4
HBIN013410,MAPK14
HBIN013410,ADRA1B
HBIN013410,PPARG
HBIN013410,DPP4
HBIN013410,CHRM5
HBIN013410,ADRA1D
HBIN013410,GABRA1
HBIN013410,CHEK1
HBIN013410,DRD1
HBIN013410,SLC6A4
HBIN013410,SLC6A3
HBIN013410,SCN5A
HBIN013410,RXRB
HBIN013410,RXRA
HBIN013410,PTGS2
HBIN013410,PTGS1
HBIN013410,PRSS1
HBIN013410,OPRD1
HBIN013410,NOS2
HBIN013410,KCNH2
HBIN013410,GSK3B
HBIN013410,ESR2
HBIN013410,ESR1
HBIN013410,CHRM1
HBIN013410,CDK2
HBIN013410,CCNA2
HBIN013410,CALM3
HBIN013410,AR
HBIN013410,ADRB2
HBIN013410,ADRB1
HBIN013410,ADRA1A
HBIN014399,PC
HBIN014399,ACHE
HBIN014399,PHYKPL
HBIN014399,PCCA
HBIN014399,KYNU
HBIN014399,MTR
HBIN014399,ADH1A
HBIN014399,RNASE1
HBIN014399,NPL
HBIN014399,COX5A
HBIN014399,PIPOX
HBIN014399,PFKFB1
HBIN014399,F13A1
HBIN014399,KYAT1
HBIN014399,AGXT
HBIN014399,BHMT
HBIN014399,AGXT2
HBIN014399,SHMT1
HBIN014399,LDHA
HBIN014399,LCMT2
HBIN014399,TNFSF13B
HBIN014399,FKBP1A
HBIN014399,ALDH1B1
HBIN014399,PLPBP
HBIN014399,DCXR
HBIN014399,GLRA2
HBIN014399,PDHB
HBIN014399,HSD17B8
HBIN014399,SLC25A10
HBIN014399,METAP2
HBIN014399,ALDH4A1
HBIN014399,SDS
HBIN014399,DAO
HBIN014399,MGMT
HBIN014399,H6PD
HBIN014399,GSTM4
HBIN014399,SLC25A13
HBIN014399,SRC
HBIN014399,ACY1
HBIN014399,PIM1
HBIN014399,PPIA
HBIN014399,GALE
HBIN014399,GNPDA1
HBIN014399,NFS1
HBIN014399,CBS
HBIN014399,AARS2
HBIN014399,GLDC
HBIN014399,CA2
HBIN014399,GLRA3
HBIN014399,SDHA
HBIN014399,NAGS
HBIN014399,F7
HBIN014399,GM2A
HBIN014399,GLUD2
HBIN014399,FOLH1
HBIN014399,NDUFV1
HBIN014399,GALNS
HBIN014399,GCLM
HBIN014399,NDUFS3
HBIN014399,RBKS
HBIN014399,PDXP
HBIN014399,CHDH
HBIN014399,PRDX2
HBIN014399,GRIN2C
HBIN014399,GOT2
HBIN014399,ASRGL1
HBIN014399,PSMA1
HBIN014399,RDH11
HBIN014399,GPI
HBIN014399,PPIH
HBIN014399,SLC25A15
HBIN014399,PYCR2
HBIN014399,CBR1
HBIN014399,ADSS1
HBIN014399,PAFAH1B3
HBIN014399,CELA3A
HBIN014399,TPI1
HBIN014399,ALDH1A1
HBIN014399,SHMT2
HBIN014399,C8G
HBIN014399,NDUFS8
HBIN014399,PYCR1
HBIN014399,DMPK
HBIN014399,ARF1
HBIN014399,ARG1
HBIN014399,AHCY
HBIN014399,ARF4
HBIN014399,PYGM
HBIN014399,ATP5F1A
HBIN014399,ALDH9A1
HBIN014399,ACADSB
HBIN014399,CKM
HBIN014399,UROD
HBIN014399,PKM
HBIN014399,RDH13
HBIN014399,SLC36A1
HBIN014399,LDHB
HBIN014399,PRSS1
HBIN014399,PFAS
HBIN014399,GSTZ1
HBIN014399,ANXA3
HBIN014399,LTA4H
HBIN014399,TRNT1
HBIN014399,CPA1
HBIN014399,FDXR
HBIN014399,GAMT
HBIN014399,HDAC8
HBIN014399,GCAT
HBIN014399,TXNRD1
HBIN014399,GALT
HBIN014399,CTRB1
HBIN014399,NT5M
HBIN014399,SPR
HBIN014399,AMT
HBIN014399,RDH8
HBIN014399,SLC25A12
HBIN014399,GLYATL1
HBIN014399,BHMT2
HBIN014399,PDXK
HBIN014399,MMUT
HBIN014399,GYS1
HBIN014399,PLA2G2E
HBIN014399,ASL
HBIN014399,ALDOA
HBIN014399,SERPINA1
HBIN014399,APRT
HBIN014399,ADH7
HBIN014399,PRSS3
HBIN014399,PLA2G1B
HBIN014399,PPOX
HBIN014399,LYZ
HBIN014399,PHOSPHO1
HBIN014399,CPB1
HBIN014399,GSTA5
HBIN014399,ACAA2
HBIN014399,GLYAT
HBIN014399,HAGH
HBIN014399,OAT
HBIN014399,UMPS
HBIN014399,HAO1
HBIN014399,RRM1
HBIN014399,PNMT
HBIN014399,ME2
HBIN014399,GLUD1
HBIN014399,RTCA
HBIN014399,TRAPPC4
HBIN014399,GABRA1
HBIN014399,GPHN
HBIN014399,PLB1
HBIN014399,GRIN3A
HBIN014399,GPT2
HBIN014399,RIOX1
HBIN014399,GBA2
HBIN014399,EGLN1
HBIN014399,GNMT
HBIN014399,TREH
HBIN014399,HS3ST3A1
HBIN014399,MGAM
HBIN014399,CES2
HBIN014399,XDH
HBIN014399,TNF
HBIN014399,SOD1
HBIN014399,SI
HBIN014399,SELP
HBIN014399,REN
HBIN014399,RELA
HBIN014399,PYGL
HBIN014399,PTGS2
HBIN014399,PTGS1
HBIN014399,PTGER3
HBIN014399,POR
HBIN014399,PLA2G2A
HBIN014399,PKLR
HBIN014399,PGD
HBIN014399,PFKM
HBIN014399,PFKFB4
HBIN014399,PNP
HBIN014399,NOS2
HBIN014399,NDUFS1
HBIN014399,MPO
HBIN014399,MMP8
HBIN014399,MMP3
HBIN014399,ME1
HBIN014399,LCT
HBIN014399,IL10
HBIN014399,HMOX1
HBIN014399,HDC
HBIN014399,HADHB
HBIN014399,GUSB
HBIN014399,GSTP1
HBIN014399,GSTM1
HBIN014399,GSTA2
HBIN014399,GSTA1
HBIN014399,GSR
HBIN014399,GRIN1
HBIN014399,GPT
HBIN014399,GLUL
HBIN014399,GLB1
HBIN014399,GGT5
HBIN014399,GCH1
HBIN014399,GATM
HBIN014399,GAPDH
HBIN014399,G6PD
HBIN014399,FOS
HBIN014399,NQO1
HBIN014399,ACE
HBIN014399,CTSD
HBIN014399,CTSB
HBIN014399,CTNNB1
HBIN014399,CTH
HBIN014399,CDC25B
HBIN014399,CAT
HBIN014399,BCHE
HBIN014399,AQP4
HBIN014399,AMY2A
HBIN014399,AMD1
HBIN014399,ALOX5
HBIN014399,AKR1B1
HBIN014399,ALDH2
HBIN014399,ALAS2
HBIN014399,ALAS1
HBIN014399,ALAD
HBIN014399,ABAT
HBIN014399,AARS1
HBIN015117,MAPK14
HBIN015117,PYGM
HBIN015117,PPARG
HBIN015117,CDK2
HBIN015117,PTGS2
HBIN015117,AR
HBIN015117,CA2
HBIN015117,PIM1
HBIN015117,DPEP1
HBIN015117,NCOA2
HBIN015117,NOS2
HBIN015117,DPP4
HBIN015117,PRSS1
HBIN015117,PRSS3
HBIN015117,GSK3B
HBIN015117,ESR1
HBIN015117,CCNA2
HBIN015117,LYZ
HBIN015117,PGR
HBIN015117,ACHE
HBIN015117,NR3C2
HBIN015117,NR3C1
HBIN015117,NCOA1
HBIN015117,PTGS1
HBIN015117,ESR2
HBIN016564,PTGS2
HBIN016564,NOS2
HBIN016564,IFNG
HBIN017244,CA2
HBIN017244,PTGS2
HBIN017246,TEC
HBIN017246,PIM3
HBIN017246,EPHA6
HBIN017246,EPHA10
HBIN017246,TSSK4
HBIN017246,MLKL
HBIN017246,NIM1K
HBIN017246,PKDCC
HBIN017246,MAP3K21
HBIN017246,TSSK1B
HBIN017246,STK40
HBIN017246,TSSK3
HBIN017246,TRIB3
HBIN017246,PBK
HBIN017246,STYK1
HBIN017246,RIPK4
HBIN017246,FGFRL1
HBIN017246,MAP3K20
HBIN017246,IRAK4
HBIN017246,HUNK
HBIN017246,TRIB2
HBIN017246,DSTYK
HBIN017246,TSSK2
HBIN017246,PASK
HBIN017246,IRAK3
HBIN017246,PIM2
HBIN017246,RIPK3
HBIN017246,ERN2
HBIN017246,MERTK
HBIN017246,TESK2
HBIN017246,TRIB1
HBIN017246,MELK
HBIN017246,CDC42BPB
HBIN017246,RIPK2
HBIN017246,RIPK1
HBIN017246,ZAP70
HBIN017246,YES1
HBIN017246,TYRO3
HBIN017246,TYK2
HBIN017246,TXK
HBIN017246,TP53
HBIN017246,TLR4
HBIN017246,TIE1
HBIN017246,TESK1
HBIN017246,TEK
HBIN017246,MAP3K7
HBIN017246,SYK
HBIN017246,STK11
HBIN017246,SRMS
HBIN017246,SRC
HBIN017246,RET
HBIN017246,PTK7
HBIN017246,PTK6
HBIN017246,PIM1
HBIN017246,PDGFRB
HBIN017246,PDGFRL
HBIN017246,PDGFRA
HBIN017246,SERPINE1
HBIN017246,ROR1
HBIN017246,MUSK
HBIN017246,MOS
HBIN017246,MAP3K11
HBIN017246,MAP3K10
HBIN017246,MAP3K9
HBIN017246,MET
HBIN017246,MATK
HBIN017246,LYN
HBIN017246,LIMK2
HBIN017246,LIMK1
HBIN017246,LCK
HBIN017246,KIT
HBIN017246,KDR
HBIN017246,JAK3
HBIN017246,JAK2
HBIN017246,JAK1
HBIN017246,ITK
HBIN017246,IRAK2
HBIN017246,IRAK1
HBIN017246,INSRR
HBIN017246,INSR
HBIN017246,IGF1R
HBIN017246,HCK
HBIN017246,GSK3B
HBIN017246,GSK3A
HBIN017246,FYN
HBIN017246,FLT4
HBIN017246,FLT3
HBIN017246,FLT1
HBIN017246,FGR
HBIN017246,FGFR4
HBIN017246,FGFR2
HBIN017246,FGFR3
HBIN017246,FGFR1
HBIN017246,ERN1
HBIN017246,EPHB6
HBIN017246,EPHB4
HBIN017246,EPHB3
HBIN017246,EPHB2
HBIN017246,EPHB1
HBIN017246,EPHA8
HBIN017246,EPHA7
HBIN017246,EPHA5
HBIN017246,EPHA4
HBIN017246,EPHA3
HBIN017246,EPHA1
HBIN017246,EPHA2
HBIN017246,ACE
HBIN017246,CYP2C9
HBIN017246,CSK
HBIN017246,CSF1R
HBIN017246,BTK
HBIN017246,BMX
HBIN017246,BLK
HBIN017246,AXL
HBIN017246,AKT1
HBIN017246,ABL2
HBIN017246,ABL1
HBIN018006,VEGFA
HBIN018006,PTGS2
HBIN018006,MYC
HBIN018006,MMP10
HBIN018006,MMP2
HBIN018006,MMP1
HBIN018006,JUN
HBIN018006,HMOX1
HBIN018006,GJA1
HBIN018006,F3
HBIN018006,CYP3A4
HBIN018006,CYP1A2
HBIN018006,CTNNB1
HBIN018006,CAV1
HBIN018006,CASP9
HBIN018006,CASP8
HBIN018006,CASP7
HBIN018006,CASP3
HBIN018006,BCL2
HBIN018006,ALB
HBIN018006,AKT1
HBIN018100,PRSS46P
HBIN018100,CTRB2
HBIN018100,PRSS57
HBIN018100,TMPRSS11F
HBIN018100,PRSS45P
HBIN018100,TMPRSS9
HBIN018100,PRSS48
HBIN018100,TMPRSS7
HBIN018100,OVCH1
HBIN018100,TMPRSS11A
HBIN018100,PRSS42P
HBIN018100,PRSS38
HBIN018100,PRSS53
HBIN018100,HTR3E
HBIN018100,KLK9
HBIN018100,TMPRSS12
HBIN018100,PRSS33
HBIN018100,PRSS54
HBIN018100,PRSS55
HBIN018100,HTR3D
HBIN018100,HTR3C
HBIN018100,TMPRSS6
HBIN018100,PRSS40A
HBIN018100,PRSS36
HBIN018100,PRSS58
HBIN018100,PRSS37
HBIN018100,TMPRSS11B
HBIN018100,CHRFAM7A
HBIN018100,TMPRSS13
HBIN018100,PRSS27
HBIN018100,TMPRSS5
HBIN018100,TMPRSS3
HBIN018100,PRSS22
HBIN018100,CELA2A
HBIN018100,CHRNA10
HBIN018100,TMPRSS4
HBIN018100,CHRNA9
HBIN018100,KLK15
HBIN018100,CHDH
HBIN018100,PRKAG3
HBIN018100,PRKAG2
HBIN018100,GMPR2
HBIN018100,C1RL
HBIN018100,CELA2B
HBIN018100,KLK12
HBIN018100,KLK14
HBIN018100,PRSS50
HBIN018100,TMPRSS11E
HBIN018100,KLK13
HBIN018100,TPSG1
HBIN018100,KLK5
HBIN018100,BHMT2
HBIN018100,CELA3B
HBIN018100,TPSD1
HBIN018100,CTRC
HBIN018100,KLK8
HBIN018100,KLK11
HBIN018100,PRSS21
HBIN018100,MASP2
HBIN018100,CORIN
HBIN018100,CELA3A
HBIN018100,KLK4
HBIN018100,TMPRSS11D
HBIN018100,HTR3B
HBIN018100,CHRNA6
HBIN018100,CCNA1
HBIN018100,PROZ
HBIN018100,PRSS12
HBIN018100,TPSAB1
HBIN018100,TMPRSS2
HBIN018100,TLR4
HBIN018100,ST14
HBIN018100,SLC6A13
HBIN018100,SLC6A12
HBIN018100,PRTN3
HBIN018100,KLK10
HBIN018100,KLK6
HBIN018100,PRSS8
HBIN018100,TMPRSS15
HBIN018100,KLK7
HBIN018100,MASP1
HBIN018100,PRSS3
HBIN018100,PRSS1
HBIN018100,PROC
HBIN018100,PRKAG1
HBIN018100,PLG
HBIN018100,PLAU
HBIN018100,PLAT
HBIN018100,MST1
HBIN018100,LPA
HBIN018100,LDHC
HBIN018100,LDHB
HBIN018100,LDHA
HBIN018100,KLKB1
HBIN018100,KLK2
HBIN018100,KLK1
HBIN018100,IMPDH2
HBIN018100,IMPDH1
HBIN018100,IFNG
HBIN018100,CFI
HBIN018100,HTR3A
HBIN018100,HSPA8
HBIN018100,HPR
HBIN018100,HPN
HBIN018100,HP
HBIN018100,HGFAC
HBIN018100,HGF
HBIN018100,HABP2
HBIN018100,GZMM
HBIN018100,GZMK
HBIN018100,GZMB
HBIN018100,GZMA
HBIN018100,GZMH
HBIN018100,GMPR
HBIN018100,F12
HBIN018100,F11
HBIN018100,F10
HBIN018100,F9
HBIN018100,F7
HBIN018100,F2
HBIN018100,ELANE
HBIN018100,CELA1
HBIN018100,CFD
HBIN018100,CTSG
HBIN018100,CTRL
HBIN018100,CTRB1
HBIN018100,CMA1
HBIN018100,CHRNG
HBIN018100,CHRNE
HBIN018100,CHRND
HBIN018100,CHRNB4
HBIN018100,CHRNB3
HBIN018100,CHRNB2
HBIN018100,CHRNB1
HBIN018100,CHRNA7
HBIN018100,CHRNA5
HBIN018100,CHRNA4
HBIN018100,CHRNA3
HBIN018100,CHRNA2
HBIN018100,CHRNA1
HBIN018100,CCNF
HBIN018100,CCNA2
HBIN018100,CASP3
HBIN018100,C2
HBIN018100,C1S
HBIN018100,BHMT
HBIN018100,CFB
HBIN018100,AZU1
HBIN018100,ALDH7A1
HBIN018100,KLK3
HBIN018100,APOB
HBIN018100,ACR
HBIN018100,ABR
HBIN018163,PIM1
HBIN018163,DPP4
HBIN018163,NOS2
HBIN018163,ME2
HBIN018163,ACHE
HBIN018163,TPI1
HBIN018163,CCNA2
HBIN018163,CDK2
HBIN018163,ESR1
HBIN018163,AR
HBIN018163,CHEK1
HBIN018163,MAPK14
HBIN018163,ESR2
HBIN018163,PRSS1
HBIN018163,GSK3B
HBIN018163,GABRA1
HBIN018163,GOT2
HBIN018163,PPARG
HBIN018163,INMT
HBIN018163,TNF
HBIN018163,PTGS2
HBIN018163,PTGS1
HBIN018163,MAOB
HBIN018163,LIPE
HBIN018163,IGFBP1
HBIN018163,GRIA1
HBIN018163,GOT1
HBIN018163,GH1
HBIN018163,GATM
HBIN018163,CTSD
HBIN018163,CDC25B
HBIN018163,BCHE
HBIN018163,AQP1
HBIN018163,AKR1B1
HBIN018163,ABAT
HBIN018494,AR
HBIN018494,NOS2
HBIN018494,DPP4
HBIN018494,CDK2
HBIN018494,GSK3B
HBIN018494,ESR1
HBIN018494,PTGS2
HBIN018494,PTGS1
HBIN018494,MET
HBIN018494,KDR
HBIN019296,CTRB1
HBIN019296,ACHE
HBIN019296,NOS2
HBIN019296,DPP4
HBIN019296,ADRA2C
HBIN019296,PRSS1
HBIN019296,CDK2
HBIN019296,DPEP1
HBIN019296,CA2
HBIN019296,PTGS2
HBIN019296,PTGS1
HBIN019296,MAOB
HBIN019296,MAOA
HBIN019296,ADRB2
HBIN019296,ADRB1
HBIN019296,ADRA2A
HBIN019425,NOS2
HBIN019425,CCNA2
HBIN019425,MAPK14
HBIN019425,NCOA2
HBIN019425,AR
HBIN019425,PRSS1
HBIN019425,RXRA
HBIN019425,PTGS2
HBIN019425,PPARG
HBIN019425,CHEK1
HBIN019425,PTGS1
HBIN019425,CDK2
HBIN019425,CA2
HBIN019425,ADRB2
HBIN019425,GSK3B
HBIN019425,PDE3A
HBIN019425,ESR2
HBIN019425,DPP4
HBIN019425,ESR1
HBIN019425,DPEP1
HBIN019425,PIM1
HBIN019425,ABHD14B
HBIN019425,PNPO
HBIN019425,STIP1
HBIN019425,ERP29
HBIN019425,RBX1
HBIN019425,TAGLN2
HBIN019425,UBE3A
HBIN019425,PRDX2
HBIN019425,SKP2
HBIN019425,SKP1
HBIN019425,RAD9A
HBIN019425,PGAM1
HBIN019425,PRDX1
HBIN019425,PEBP1
HBIN019425,NME1
HBIN019425,MCM6
HBIN019425,MCM5
HBIN019425,LASP1
HBIN019425,KRT1
HBIN019425,HMGB1
HBIN019425,HIF1A
HBIN019425,EPO
HBIN019425,CDKN2D
HBIN019425,CDKN1C
HBIN019425,CDKN1A
HBIN019425,CDK7
HBIN019425,CCNG1
HBIN019425,CCND3
HBIN019425,CCNB1
HBIN019425,BLVRB
HBIN019690,OCLN
HBIN019690,PRSS46P
HBIN019690,CTRB2
HBIN019690,PRSS57
HBIN019690,TMPRSS11F
HBIN019690,SUMO4
HBIN019690,PRSS45P
HBIN019690,TMPRSS9
HBIN019690,PRSS48
HBIN019690,TMPRSS7
HBIN019690,OVCH1
HBIN019690,TMPRSS11A
HBIN019690,PRSS42P
HBIN019690,PRSS38
HBIN019690,PRSS53
HBIN019690,KLK9
HBIN019690,PGP
HBIN019690,TMPRSS12
HBIN019690,PRSS33
HBIN019690,PRSS54
HBIN019690,PRSS55
HBIN019690,TMPRSS6
HBIN019690,TRPV3
HBIN019690,PRSS40A
HBIN019690,PRSS36
HBIN019690,PRSS58
HBIN019690,PRSS37
HBIN019690,TMPRSS11B
HBIN019690,BIRC8
HBIN019690,TMPRSS13
HBIN019690,PRSS27
HBIN019690,TMPRSS5
HBIN019690,COL18A1
HBIN019690,TMPRSS3
HBIN019690,PRSS22
HBIN019690,CELA2A
HBIN019690,TRPV4
HBIN019690,PCTP
HBIN019690,TMPRSS4
HBIN019690,TRPV5
HBIN019690,KLK15
HBIN019690,TRPV6
HBIN019690,TYW1
HBIN019690,BANP
HBIN019690,TRPV2
HBIN019690,C1RL
HBIN019690,GAL
HBIN019690,CELA2B
HBIN019690,NOX3
HBIN019690,KLK12
HBIN019690,KLK14
HBIN019690,PRSS50
HBIN019690,TMPRSS11E
HBIN019690,NDOR1
HBIN019690,KLK13
HBIN019690,TPSG1
HBIN019690,KLK5
HBIN019690,CELA3B
HBIN019690,TPSD1
HBIN019690,SIRT1
HBIN019690,CTRC
HBIN019690,KLK8
HBIN019690,CHEK2
HBIN019690,KLK11
HBIN019690,PRSS21
HBIN019690,MASP2
HBIN019690,CORIN
HBIN019690,ENOX2
HBIN019690,CELA3A
HBIN019690,BCLAF1
HBIN019690,KLK4
HBIN019690,TRAF4
HBIN019690,PRDX6
HBIN019690,BAG3
HBIN019690,GDF15
HBIN019690,ATG5
HBIN019690,TMPRSS11D
HBIN019690,COX5A
HBIN019690,CACNA1H
HBIN019690,PROZ
HBIN019690,CFLAR
HBIN019690,TNFRSF10A
HBIN019690,TNFRSF10B
HBIN019690,RIPK2
HBIN019690,TNFSF10
HBIN019690,TNFRSF25
HBIN019690,PRSS12
HBIN019690,WNT5A
HBIN019690,TRPV1
HBIN019690,VEGFA
HBIN019690,VCAM1
HBIN019690,UCP1
HBIN019690,TRAF3
HBIN019690,HSP90B1
HBIN019690,TPSAB1
HBIN019690,TPI1
HBIN019690,TP53
HBIN019690,TNFRSF1A
HBIN019690,TNF
HBIN019690,TMPRSS2
HBIN019690,TM7SF2
HBIN019690,TIMP3
HBIN019690,TIMP1
HBIN019690,TGFB1
HBIN019690,TGFA
HBIN019690,TEK
HBIN019690,MAP3K7
HBIN019690,TACR1
HBIN019690,TAC1
HBIN019690,STAT3
HBIN019690,STAT1
HBIN019690,ST14
HBIN019690,SRC
HBIN019690,SPI1
HBIN019690,SNCA
HBIN019690,SLC12A2
HBIN019690,SLC6A3
HBIN019690,SCP2
HBIN019690,MSMO1
HBIN019690,S100A4
HBIN019690,RXRB
HBIN019690,RXRA
HBIN019690,RPS6KA3
HBIN019690,RELA
HBIN019690,RAC1
HBIN019690,PTGS2
HBIN019690,PTGS1
HBIN019690,PRTN3
HBIN019690,KLK10
HBIN019690,KLK6
HBIN019690,PRSS8
HBIN019690,TMPRSS15
HBIN019690,KLK7
HBIN019690,MASP1
HBIN019690,PRSS3
HBIN019690,PRSS1
HBIN019690,PROC
HBIN019690,MAP2K1
HBIN019690,MAPK9
HBIN019690,MAPK8
HBIN019690,MAPK3
HBIN019690,MAPK1
HBIN019690,PRKDC
HBIN019690,PRKCD
HBIN019690,PRKCA
HBIN019690,PPARG
HBIN019690,PPARD
HBIN019690,PPARA
HBIN019690,POR
HBIN019690,POMC
HBIN019690,PLG
HBIN019690,PLAUR
HBIN019690,PLAU
HBIN019690,PLAT
HBIN019690,PKM
HBIN019690,ABCB1
HBIN019690,PGM1
HBIN019690,SERPINE1
HBIN019690,NPC1
HBIN019690,NOS3
HBIN019690,NOS2
HBIN019690,NOS1
HBIN019690,NFKBIA
HBIN019690,NFE2L2
HBIN019690,MYC
HBIN019690,MTRR
HBIN019690,MST1
HBIN019690,MMP9
HBIN019690,MMP1
HBIN019690,MCL1
HBIN019690,MAP2
HBIN019690,LTF
HBIN019690,LPA
HBIN019690,LGALS1
HBIN019690,KLKB1
HBIN019690,KLK2
HBIN019690,KLK1
HBIN019690,JUNB
HBIN019690,JUN
HBIN019690,JAK1
HBIN019690,IL12B
HBIN019690,CXCL8
HBIN019690,IL6
HBIN019690,IL2
HBIN019690,IGFBP1
HBIN019690,IGF1R
HBIN019690,IGF1
HBIN019690,CFI
HBIN019690,HSPA5
HBIN019690,HSD3B2
HBIN019690,HRAS
HBIN019690,HPR
HBIN019690,HPN
HBIN019690,HP
HBIN019690,FOXA1
HBIN019690,HMOX1
HBIN019690,HIF1A
HBIN019690,HGFAC
HBIN019690,HGF
HBIN019690,HBB
HBIN019690,HABP2
HBIN019690,GZMM
HBIN019690,GZMK
HBIN019690,GZMB
HBIN019690,GZMA
HBIN019690,GZMH
HBIN019690,GYPA
HBIN019690,GLUL
HBIN019690,GLUD1
HBIN019690,GFAP
HBIN019690,GCG
HBIN019690,GATA1
HBIN019690,GAPDH
HBIN019690,GAP43
HBIN019690,GAST
HBIN019690,FOS
HBIN019690,FASN
HBIN019690,ACSL3
HBIN019690,FABP5
HBIN019690,FABP4
HBIN019690,F12
HBIN019690,F11
HBIN019690,F10
HBIN019690,F9
HBIN019690,F7
HBIN019690,F2RL1
HBIN019690,F2
HBIN019690,ERN1
HBIN019690,ERBB2
HBIN019690,EPOR
HBIN019690,ELANE
HBIN019690,CELA1
HBIN019690,EGFR
HBIN019690,EDN1
HBIN019690,E2F4
HBIN019690,E2F1
HBIN019690,NQO1
HBIN019690,DFFA
HBIN019690,CFD
HBIN019690,DDIT3
HBIN019690,GADD45A
HBIN019690,CYP3A4
HBIN019690,CYP2D6
HBIN019690,CYP2C9
HBIN019690,CYP2C19
HBIN019690,CYP1A2
HBIN019690,CTSG
HBIN019690,CTRL
HBIN019690,CTRB1
HBIN019690,CREB1
HBIN019690,CPT1A
HBIN019690,CMA1
HBIN019690,CFL1
HBIN019690,CDKN1B
HBIN019690,CDKN1A
HBIN019690,CDK2
HBIN019690,CCNB1
HBIN019690,CCNA2
HBIN019690,CCK
HBIN019690,CBS
HBIN019690,CASP9
HBIN019690,CASP8
HBIN019690,CASP7
HBIN019690,CASP4
HBIN019690,CASP3
HBIN019690,CALCB
HBIN019690,CALCA
HBIN019690,C2
HBIN019690,C1S
HBIN019690,BNIP3L
HBIN019690,BNIP3
HBIN019690,BNIP2
HBIN019690,BID
HBIN019690,CFB
HBIN019690,BDKRB1
HBIN019690,BCL2L1
HBIN019690,BCL2
HBIN019690,CCND1
HBIN019690,BAX
HBIN019690,BAK1
HBIN019690,BAD
HBIN019690,AZU1
HBIN019690,ATM
HBIN019690,ATF4
HBIN019690,ATF3
HBIN019690,AR
HBIN019690,FAS
HBIN019690,KLK3
HBIN019690,BIRC5
HBIN019690,BIRC2
HBIN019690,APAF1
HBIN019690,ANGPT2
HBIN019690,ANGPT1
HBIN019690,ALOX5
HBIN019690,ALB
HBIN019690,AKT1
HBIN019690,PARP1
HBIN019690,ACOX1
HBIN019690,ACR
HBIN019690,ABL1
HBIN020909,DPEP1
HBIN020909,CA2
HBIN020909,PRSS1
HBIN020909,DPP4
HBIN020909,GABRA1
HBIN020909,CTRB1
HBIN020909,CDK2
HBIN020909,NOS2
HBIN020909,CHRNA7
HBIN020909,CHRM3
HBIN020909,CHRM2
HBIN020909,PTGS2
HBIN020909,PTGS1
HBIN020909,MAOB
HBIN020909,MAOA
HBIN020909,CHRM1
HBIN021608,NOS2
HBIN021608,DPEP1
HBIN021608,PRSS1
HBIN021608,NPY4R2
HBIN021608,MTRNR2L12
HBIN021608,CCR2
HBIN021608,TAS2R42
HBIN021608,GNAT3
HBIN021608,RXFP4
HBIN021608,HCAR2
HBIN021608,TAS2R60
HBIN021608,NPW
HBIN021608,TAS2R50
HBIN021608,TAS2R20
HBIN021608,TAS2R19
HBIN021608,TAS2R30
HBIN021608,TAS2R46
HBIN021608,TAS2R31
HBIN021608,TAS2R43
HBIN021608,TAS2R41
HBIN021608,TAS2R40
HBIN021608,TAS2R39
HBIN021608,NPB
HBIN021608,OXER1
HBIN021608,NMS
HBIN021608,MCHR2
HBIN021608,P2RY12
HBIN021608,HRH4
HBIN021608,CXCL16
HBIN021608,TMIGD3
HBIN021608,LPAR5
HBIN021608,ACKR3
HBIN021608,NMUR2
HBIN021608,SUCNR1
HBIN021608,CCL28
HBIN021608,TAS2R5
HBIN021608,GNG2
HBIN021608,P2RY13
HBIN021608,S1PR5
HBIN021608,AZIN1
HBIN021608,RXFP3
HBIN021608,GAL
HBIN021608,HEBP1
HBIN021608,TAS2R14
HBIN021608,TAS2R10
HBIN021608,TAS2R13
HBIN021608,TAS2R7
HBIN021608,TAS2R8
HBIN021608,TAS2R9
HBIN021608,TAS2R1
HBIN021608,TAS2R16
HBIN021608,TAS2R4
HBIN021608,TAS2R3
HBIN021608,OXGR1
HBIN021608,CA14
HBIN021608,LPAR3
HBIN021608,HRH3
HBIN021608,PTGDR2
HBIN021608,NMU
HBIN021608,CCL27
HBIN021608,CCR9
HBIN021608,CXCR6
HBIN021608,CXCL13
HBIN021608,NMUR1
HBIN021608,P2RY14
HBIN021608,S1PR2
HBIN021608,GPR55
HBIN021608,LPAR2
HBIN021608,HCAR3
HBIN021608,GALR2
HBIN021608,S1PR4
HBIN021608,GALR3
HBIN021608,CXCR4
HBIN021608,XDH
HBIN021608,TF
HBIN021608,SSTR5
HBIN021608,SSTR4
HBIN021608,SSTR2
HBIN021608,SSTR1
HBIN021608,SST
HBIN021608,CXCL12
HBIN021608,CXCL5
HBIN021608,CXCL11
HBIN021608,CXCL6
HBIN021608,CCL25
HBIN021608,CCL21
HBIN021608,CCL20
HBIN021608,CCL19
HBIN021608,SAA1
HBIN021608,PTGS2
HBIN021608,PTGER3
HBIN021608,TAS2R38
HBIN021608,PYY
HBIN021608,PPY
HBIN021608,PPBP
HBIN021608,POMC
HBIN021608,PNOC
HBIN021608,PMCH
HBIN021608,PENK
HBIN021608,PDYN
HBIN021608,P2RY4
HBIN021608,OPRM1
HBIN021608,OPRL1
HBIN021608,OPRK1
HBIN021608,OPRD1
HBIN021608,NPY5R
HBIN021608,NPY2R
HBIN021608,NPY1R
HBIN021608,NPY
HBIN021608,MTNR1B
HBIN021608,MTNR1A
HBIN021608,CXCL9
HBIN021608,MGP
HBIN021608,MELTF
HBIN021608,MAOB
HBIN021608,MAOA
HBIN021608,LTF
HBIN021608,KNG1
HBIN021608,CXCL10
HBIN021608,CXCR2
HBIN021608,CXCR1
HBIN021608,CXCL8
HBIN021608,HTR5A
HBIN021608,HTR1F
HBIN021608,HTR1E
HBIN021608,HTR1B
HBIN021608,HTR1A
HBIN021608,GSTP1
HBIN021608,GSTA2
HBIN021608,CXCL3
HBIN021608,CXCL2
HBIN021608,CXCL1
HBIN021608,GRM8
HBIN021608,GRM7
HBIN021608,GRM6
HBIN021608,GRM4
HBIN021608,GRM3
HBIN021608,GRM2
HBIN021608,GPER1
HBIN021608,MCHR1
HBIN021608,GPR18
HBIN021608,GPR17
HBIN021608,CXCR3
HBIN021608,NPBWR2
HBIN021608,NPBWR1
HBIN021608,CCR10
HBIN021608,GNAI3
HBIN021608,GNAI2
HBIN021608,GNAI1
HBIN021608,GCLC
HBIN021608,GGT5
HBIN021608,GALR1
HBIN021608,FPR3
HBIN021608,FPR2
HBIN021608,FPR1
HBIN021608,S1PR3
HBIN021608,LPAR1
HBIN021608,S1PR1
HBIN021608,DRD4
HBIN021608,DRD3
HBIN021608,DRD2
HBIN021608,AKR1C1
HBIN021608,CYP3A4
HBIN021608,CYP2A13
HBIN021608,CYP2A6
HBIN021608,CNR2
HBIN021608,CNR1
HBIN021608,CCR8
HBIN021608,CCR7
HBIN021608,CCR6
HBIN021608,CCR5
HBIN021608,CCR4
HBIN021608,CCR3
HBIN021608,CCR1
HBIN021608,CHRM4
HBIN021608,CHRM2
HBIN021608,CASR
HBIN021608,CA2
HBIN021608,C5AR1
HBIN021608,C5
HBIN021608,C3AR1
HBIN021608,C3
HBIN021608,CXCR5
HBIN021608,BDKRB1
HBIN021608,BCL2
HBIN021608,BAX
HBIN021608,APP
HBIN021608,ANXA1
HBIN021608,ALOX5
HBIN021608,APLNR
HBIN021608,AGTR2
HBIN021608,AGT
HBIN021608,ADRA2C
HBIN021608,ADRA2A
HBIN021608,PARP1
HBIN021608,ADORA1
HBIN021608,ACHE
HBIN021802,CA2
HBIN021802,DPP4
HBIN021802,PRSS1
HBIN021802,ME2
HBIN021802,TPI1
HBIN021802,GOT2
HBIN021802,GABRA1
HBIN021802,PIM1
HBIN021802,NOS2
HBIN021802,GOT1
HBIN021802,GATM
HBIN021802,CTSD
HBIN021802,BCHE
HBIN021802,AKR1B1
HBIN021802,ABAT
HBIN022577,CHEK1
HBIN022577,PDE3A
HBIN022577,CCNA2
HBIN022577,CA2
HBIN022577,MAPK14
HBIN022577,PIM1
HBIN022577,PPARGC1B
HBIN022577,RBM45
HBIN022577,SLC6A20
HBIN022577,LARS1
HBIN022577,B4GALT4
HBIN022577,BAP1
HBIN022577,VEGFA
HBIN022577,VCAM1
HBIN022577,TRPM2
HBIN022577,TP53
HBIN022577,TNF
HBIN022577,TGFB1I1
HBIN022577,TFF1
HBIN022577,STAT1
HBIN022577,SOD2
HBIN022577,RXRA
HBIN022577,RELA
HBIN022577,RAD51
HBIN022577,PTGS2
HBIN022577,PTGS1
HBIN022577,PRSS1
HBIN022577,PPARG
HBIN022577,P4HB
HBIN022577,NOS3
HBIN022577,NOS2
HBIN022577,MTTP
HBIN022577,MT2A
HBIN022577,MKI67
HBIN022577,LDLR
HBIN022577,JUN
HBIN022577,EIF6
HBIN022577,IL6
HBIN022577,IL4
HBIN022577,IGF1R
HBIN022577,IGF1
HBIN022577,ICAM1
HBIN022577,HSD3B2
HBIN022577,HSD3B1
HBIN022577,GHR
HBIN022577,GH1
HBIN022577,GABBR1
HBIN022577,FOS
HBIN022577,FCER2
HBIN022577,ESR2
HBIN022577,ESR1
HBIN022577,EP300
HBIN022577,ECE1
HBIN022577,GADD45A
HBIN022577,CYP21A2
HBIN022577,CYP3A4
HBIN022577,CPT1A
HBIN022577,CDKN1A
HBIN022577,CDK2
HBIN022577,CD5L
HBIN022577,CAV1
HBIN022577,CAT
HBIN022577,CASP3
HBIN022577,CALM3
HBIN022577,BAX
HBIN022577,BARD1
HBIN022577,ATP5F1B
HBIN022577,RHOA
HBIN022577,APOB
HBIN022577,AHR
HBIN022577,ADRB2
HBIN024357,ACHE
HBIN024357,AR
HBIN024930,GABRA1
HBIN024930,LYZ
HBIN024930,PRSS1
HBIN024930,CA2
HBIN024930,ESR1
HBIN024930,CHRM2
HBIN024930,ACHE
HBIN024930,DPP4
HBIN024930,NCOA2
HBIN024930,NOS2
HBIN024930,PPARG
HBIN024930,TRPV1
HBIN024930,SLC6A2
HBIN024930,RXRA
HBIN024930,PTGS2
HBIN024930,PTGS1
HBIN024930,IGHG1
HBIN024930,CHRM1
HBIN026332,GSK3B
HBIN026332,CDK2
HBIN026537,CDK2
HBIN026537,PIM1
HBIN026537,AR
HBIN026537,NOS2
HBIN026537,CA2
HBIN026537,CCNA2
HBIN026537,ESR1
HBIN026537,GSK3B
HBIN026537,PTGS2
HBIN026662,CHRM1
HBIN026662,CA2
HBIN026662,PIM1
HBIN026662,SLC6A4
HBIN026662,PDE3A
HBIN026662,ADRA1D
HBIN026662,NOS2
HBIN026662,SLC6A3
HBIN026662,DPP4
HBIN026662,PKIA
HBIN026662,AR
HBIN026662,GSK3B
HBIN026662,CCNA2
HBIN026662,DPEP1
HBIN026662,ADRB2
HBIN026662,RXRA
HBIN026662,CHEK1
HBIN026662,PTGS2
HBIN026662,PRSS1
HBIN026662,MAOB
HBIN026662,DRD1
HBIN026662,MAPK14
HBIN026662,ACHE
HBIN026662,PTGS1
HBIN026662,CDK2
HBIN026662,SIRT1
HBIN026662,PPARG
HBIN026662,JUN
HBIN026662,IL4
HBIN026662,HSD3B2
HBIN026662,HSD3B1
HBIN026662,ESR2
HBIN026662,ESR1
HBIN026662,ATP5F1B
HBIN027103,PRSS1
HBIN027103,PRSS3
HBIN027103,ADH1A
HBIN027103,VCP
HBIN027103,SLC6A1
HBIN027103,IL6
HBIN027103,GATM
HBIN027103,CTSD
HBIN027103,BCHE
HBIN027103,ABAT
HBIN027609,NOS2
HBIN028048,DPP4
HBIN028048,PTGS2
HBIN028048,DPEP1
HBIN028048,LCT
HBIN028048,NOS2
HBIN028048,CA2
HBIN028048,GRIA2
HBIN028048,SOD1
HBIN028847,ADRA1B
HBIN028847,PRSS1
HBIN028847,CHRM2
HBIN028847,ACHE
HBIN028847,ESR1
HBIN028847,PPARG
HBIN028847,AR
HBIN028847,NR3C1
HBIN028847,PDE3A
HBIN028847,NCOA2
HBIN028847,GABRA1
HBIN028847,CHRM3
HBIN028847,DPP4
HBIN028847,CA2
HBIN028847,LYZ
HBIN028847,SLC6A2
HBIN028847,SCN5A
HBIN028847,RXRA
HBIN028847,PTGS2
HBIN028847,PTGS1
HBIN028847,PGR
HBIN028847,IGHG1
HBIN028847,GRIA2
HBIN028847,CHRM1
HBIN029163,DPP4
HBIN029163,ESR1
HBIN029163,DPEP1
HBIN029163,PRSS1
HBIN029163,GSK3B
HBIN029163,CA2
HBIN029382,NOS2
HBIN029382,HMOX1
HBIN029382,CASP3
HBIN029382,BCL2
HBIN029382,BAX
HBIN029419,PIM1
HBIN029419,CA2
HBIN029419,NOX4
HBIN029419,TIMP1
HBIN029419,MMP9
HBIN029419,MMP2
HBIN029419,CYP1A1
HBIN029419,CASP3
HBIN029419,ALPG
HBIN029419,ALPP
HBIN029419,ALPL
HBIN029419,ALPI
HBIN029419,AKR1B1
HBIN029419,ADRA2C
HBIN029419,ACHE
HBIN030532,CELA3A
HBIN030532,AARS1
HBIN030532,BCHE
HBIN030532,AGXT2
HBIN030532,AGXT
HBIN030532,CAT
HBIN030532,PTGS1
HBIN030532,F13A1
HBIN030532,PHYKPL
HBIN030532,ME2
HBIN030532,CTSD
HBIN030532,KYNU
HBIN030532,ABAT
HBIN030532,NFS1
HBIN030532,PRSS1
HBIN030532,GPT
HBIN030532,PRSS3
HBIN030532,GATM
HBIN030532,SRC
HBIN030532,SLC36A1
HBIN030532,GLRA1
HBIN030735,DPEP1
HBIN030735,CA2
HBIN030735,NOS2
HBIN030735,PRSS1
HBIN030735,CDK2
HBIN030735,ADRA2C
HBIN030735,ADRA1D
HBIN030735,LTA4H
HBIN030735,PPARG
HBIN030735,SLC6A3
HBIN030735,SI
HBIN030735,PTGS2
HBIN030735,PTGS1
HBIN030735,MAOB
HBIN030735,MAOA
HBIN030735,CXCL3
HBIN030735,CXCL2
HBIN030735,CXCL1
HBIN030735,ADRB2
HBIN030735,ADRB1
HBIN030735,ADRA2A
HBIN030735,ADRA1A
HBIN031114,ACHE
HBIN031114,DPP4
HBIN031114,NCOA2
HBIN031114,GRIA2
HBIN031114,PPARG
HBIN031114,CDK2
HBIN031114,PTGS1
HBIN031114,AR
HBIN031114,AKR1B1
HBIN031114,PYGM
HBIN031114,CHEK1
HBIN031114,CCNA2
HBIN031114,NCOA1
HBIN031114,GSK3B
HBIN031114,CA2
HBIN031114,GABRA1
HBIN031114,MAOB
HBIN031114,ESR2
HBIN031114,ESR1
HBIN031114,PRSS1
HBIN031114,F7
HBIN031114,PPARD
HBIN031114,PIM1
HBIN031114,PTGS2
HBIN031114,MAPK14
HBIN031114,DPEP1
HBIN031114,NCF1
HBIN031114,XDH
HBIN031114,RELA
HBIN031114,OLR1
HBIN031114,NOS2
HBIN031446,NCOA2
HBIN031446,CA2
HBIN031446,PPARG
HBIN031446,MAPK14
HBIN031446,PIM1
HBIN031446,DPP4
HBIN031446,ESR1
HBIN031446,CHEK1
HBIN031446,CCNA2
HBIN031446,GSK3B
HBIN031446,SCN5A
HBIN031446,PTGS2
HBIN031446,PTGS1
HBIN031446,PRSS1
HBIN031446,NOS2
HBIN031446,ESR2
HBIN031446,CDK2
HBIN031446,CALM3
HBIN031446,AR
HBIN031753,DPP4
HBIN031753,CHEK1
HBIN031753,CA2
HBIN031753,CCNA2
HBIN031753,CHRM2
HBIN031753,GSK3B
HBIN031753,ADRA1B
HBIN031753,CDK2
HBIN031753,DPEP1
HBIN031753,NCOA2
HBIN031753,CDK1
HBIN031753,MAPK14
HBIN031753,PIM1
HBIN031753,GABRA1
HBIN031753,F7
HBIN031753,AHSA1
HBIN031753,NR1I3
HBIN031753,NR1I2
HBIN031753,AKR1C3
HBIN031753,XDH
HBIN031753,VCAM1
HBIN031753,TNF
HBIN031753,STAT1
HBIN031753,SLPI
HBIN031753,SLC6A2
HBIN031753,SLC2A4
HBIN031753,SELE
HBIN031753,RELA
HBIN031753,PTGS2
HBIN031753,PTGS1
HBIN031753,PSMD3
HBIN031753,PRSS1
HBIN031753,MAPK8
HBIN031753,PPP3CA
HBIN031753,PPARG
HBIN031753,POLD1
HBIN031753,PGR
HBIN031753,NOS2
HBIN031753,MMP1
HBIN031753,JUN
HBIN031753,INSR
HBIN031753,IKBKB
HBIN031753,ICAM1
HBIN031753,HMOX1
HBIN031753,HAS2
HBIN031753,GSTP1
HBIN031753,GSTM2
HBIN031753,GSTM1
HBIN031753,ESR2
HBIN031753,ESR1
HBIN031753,DIO1
HBIN031753,CYP3A4
HBIN031753,CYP1B1
HBIN031753,CYP1A2
HBIN031753,CYP1A1
HBIN031753,CHRM1
HBIN031753,CASP3
HBIN031753,CALM3
HBIN031753,BCL2
HBIN031753,BAX
HBIN031753,AR
HBIN031753,ALOX5
HBIN031753,AKT1
HBIN031753,AHR
HBIN031753,ACHE
HBIN032456,PRSS1
HBIN032456,DPP4
HBIN032456,NOS2
HBIN032456,PTGS2
HBIN032676,DPP4
HBIN032676,ESR2
HBIN032676,ESR1
HBIN032676,PRSS1
HBIN032676,CDK2
HBIN032676,CHEK1
HBIN032676,ACHE
HBIN032676,GSK3B
HBIN032676,PPARG
HBIN032676,MAPK14
HBIN032676,CCNA2
HBIN032676,NOS2
HBIN032676,CA2
HBIN032676,AR
HBIN032676,PIM1
HBIN032676,ADRA1B
HBIN032676,SCN5A
HBIN032676,PTGS2
HBIN032676,KCNH2
HBIN032676,CALM3
HBIN032676,ADRB2
HBIN033339,CA2
HBIN033339,TRPV1
HBIN033339,PTGS2
HBIN033339,PTGS1
HBIN033339,RXRG
HBIN033339,RXRA
HBIN033339,PPARG
HBIN033339,NCOA2
HBIN033339,ESR1
HBIN033339,DPP4
HBIN033339,NOS2
HBIN033339,ACHE
HBIN033339,TRIM26
HBIN033339,UCP2
HBIN033339,HNF1A
HBIN033339,RELA
HBIN033339,PCNA
HBIN033339,MYC
HBIN033339,HNF4A
HBIN033339,CALM3
HBIN033339,ALB
HBIN033339,ACTB
HBIN033749,ESR1
HBIN033749,AR
HBIN033751,PRSS1
HBIN033751,DPEP1
HBIN033751,CDK2
HBIN033751,DPP4
HBIN033751,PGR
HBIN033751,ACHE
HBIN033751,MAOA
HBIN033751,CDK1
HBIN033751,ADRB1
HBIN033751,SLC6A2
HBIN033751,SLC6A3
HBIN033751,MAOB
HBIN033751,AR
HBIN033751,LYZ
HBIN033751,PTGS2
HBIN033751,CA2
HBIN033751,ADRA2C
HBIN033751,PTGS1
HBIN033751,SOD1
HBIN033751,POLD1
HBIN033751,PLK1
HBIN033751,SFN
HBIN033751,ESR1
HBIN033751,CRAT
HBIN033751,CDC25C
HBIN033751,CCNB1
HBIN033751,CASP9
HBIN033751,CASP3
HBIN033751,BCL2
HBIN033751,BAX
HBIN033751,APAF1
HBIN034281,NR3C1
HBIN034281,ESR1
HBIN034281,AR
HBIN034281,PGR
HBIN034625,TNFRSF11B
HBIN034625,LHCGR
HBIN035847,ADRA1D
HBIN035847,PIM1
HBIN035847,MAPK14
HBIN035847,ADRA1B
HBIN035847,PDE3A
HBIN035847,CHEK1
HBIN035847,PPARG
HBIN035847,CA2
HBIN035847,DPP4
HBIN035847,NCOA2
HBIN035847,SLC6A3
HBIN035847,SCN5A
HBIN035847,RXRA
HBIN035847,PTGS2
HBIN035847,PTGS1
HBIN035847,PRSS1
HBIN035847,NOS2
HBIN035847,GSK3B
HBIN035847,ESR2
HBIN035847,ESR1
HBIN035847,CDK2
HBIN035847,CCNA2
HBIN035847,CALM3
HBIN035847,AR
HBIN037272,TRPV3
HBIN037272,TRPV4
HBIN037272,TRPV5
HBIN037272,TRPV6
HBIN037272,TRPV2
HBIN037272,TRPV1
HBIN037807,PYGL
HBIN037807,ADRB3
HBIN037807,ADRB2
HBIN037807,ADRB1
HBIN037807,AANAT
HBIN038168,ESR1
HBIN038168,KDR
HBIN038168,DPP4
HBIN038168,CA2
HBIN038168,CCNA2
HBIN038168,PIM1
HBIN038168,F7
HBIN038168,PTGS2
HBIN038168,PPARG
HBIN038168,NOS2
HBIN038168,AR
HBIN040811,PRSS1
HBIN040811,PRSS3
HBIN040811,ADH1A
HBIN040811,DPP4
HBIN040811,GABRA1
HBIN040811,LYZ
HBIN040811,PPIA
HBIN040811,PPIF
HBIN040811,P4HA1
HBIN040811,DAO
HBIN040811,PTGS2
HBIN040811,GATM
HBIN040811,CTSD
HBIN040811,BCHE
HBIN041495,NCOA2
HBIN041495,CHEK1
HBIN041495,CCNA2
HBIN041495,CDK2
HBIN041495,MAPK14
HBIN041495,CA2
HBIN041495,DPP4
HBIN041495,CDK1
HBIN041495,GABRA1
HBIN041495,DPEP1
HBIN041495,F7
HBIN041495,PIM1
HBIN041495,NCF1
HBIN041495,HERC5
HBIN041495,DUOX2
HBIN041495,CHEK2
HBIN041495,RASSF1
HBIN041495,AHSA1
HBIN041495,ACAA2
HBIN041495,NR1I3
HBIN041495,NPEPPS
HBIN041495,ABCG2
HBIN041495,MGAM
HBIN041495,NR1I2
HBIN041495,DCAF5
HBIN041495,XDH
HBIN041495,VEGFA
HBIN041495,VCAM1
HBIN041495,TP53
HBIN041495,TOP2A
HBIN041495,TOP1
HBIN041495,TNF
HBIN041495,THBD
HBIN041495,TGFB1
HBIN041495,SULT1E1
HBIN041495,STAT1
HBIN041495,SPP1
HBIN041495,SOD3
HBIN041495,SOD1
HBIN041495,SLC2A4
HBIN041495,SELE
HBIN041495,CXCL11
HBIN041495,CCL2
HBIN041495,SCN5A
HBIN041495,RXRA
HBIN041495,RELA
HBIN041495,RB1
HBIN041495,RASA1
HBIN041495,RAF1
HBIN041495,PTGS2
HBIN041495,PTGS1
HBIN041495,PTGER3
HBIN041495,PTEN
HBIN041495,PSMD3
HBIN041495,PRSS1
HBIN041495,MAPK3
HBIN041495,MAPK1
HBIN041495,PRKCB
HBIN041495,PRKCA
HBIN041495,PPARG
HBIN041495,PPARD
HBIN041495,PPARA
HBIN041495,POR
HBIN041495,PON1
HBIN041495,POLD1
HBIN041495,PLAU
HBIN041495,PLAT
HBIN041495,PCOLCE
HBIN041495,SERPINE1
HBIN041495,ODC1
HBIN041495,NOS3
HBIN041495,NOS2
HBIN041495,NKX3-1
HBIN041495,NFKBIA
HBIN041495,NFE2L2
HBIN041495,MYC
HBIN041495,MPO
HBIN041495,MMP9
HBIN041495,MMP3
HBIN041495,MMP2
HBIN041495,MMP1
HBIN041495,MAOB
HBIN041495,KCNH2
HBIN041495,JUN
HBIN041495,EIF6
HBIN041495,IRF1
HBIN041495,INSR
HBIN041495,CXCL10
HBIN041495,IL10
HBIN041495,CXCL8
HBIN041495,IL6
HBIN041495,IL2
HBIN041495,IL1B
HBIN041495,IL1A
HBIN041495,IGFBP3
HBIN041495,IGF2
HBIN041495,IFNG
HBIN041495,ICAM1
HBIN041495,HSPB1
HBIN041495,HSPA5
HBIN041495,HSF1
HBIN041495,HMOX1
HBIN041495,HK2
HBIN041495,HIF1A
HBIN041495,HAS2
HBIN041495,GSTP1
HBIN041495,GSTM2
HBIN041495,GSTM1
HBIN041495,GSK3B
HBIN041495,CXCL2
HBIN041495,GJA1
HBIN041495,FOS
HBIN041495,F3
HBIN041495,ESR2
HBIN041495,ESR1
HBIN041495,ERBB3
HBIN041495,ERBB2
HBIN041495,ELK1
HBIN041495,EGFR
HBIN041495,EGF
HBIN041495,E2F2
HBIN041495,E2F1
HBIN041495,DIO1
HBIN041495,NQO1
HBIN041495,CYP3A4
HBIN041495,CYP1B1
HBIN041495,CYP1A2
HBIN041495,CYP1A1
HBIN041495,CTSD
HBIN041495,CRP
HBIN041495,CLDN4
HBIN041495,COL3A1
HBIN041495,COL1A1
HBIN041495,CHUK
HBIN041495,CDKN2A
HBIN041495,CDKN1A
HBIN041495,CD40LG
HBIN041495,CCNB1
HBIN041495,RUNX1T1
HBIN041495,RUNX2
HBIN041495,CAV1
HBIN041495,CAT
HBIN041495,CASP9
HBIN041495,CASP8
HBIN041495,CASP3
HBIN041495,BMP2
HBIN041495,BCL2L1
HBIN041495,BCL2
HBIN041495,CCND1
HBIN041495,BAX
HBIN041495,AR
HBIN041495,BIRC5
HBIN041495,ALOX5
HBIN041495,AKR1B1
HBIN041495,AKT1
HBIN041495,AHR
HBIN041495,ADRB2
HBIN041495,PARP1
HBIN041495,ACP3
HBIN041495,ACHE
HBIN041495,ACACA
HBIN041916,PRSS1
HBIN041916,GABRA1
HBIN041916,ACHE
HBIN041916,CA2
HBIN041916,DPP4
HBIN041916,MAN2A1
HBIN041916,PTGS2
HBIN041916,PTGS1
HBIN041916,IGHG1
HBIN041916,CTSD
HBIN041916,BCHE
HBIN042162,AKR1B1
HBIN042162,DPEP1
HBIN042162,PPARG
HBIN042162,PTGS2
HBIN042162,PRSS1
HBIN042162,DPP4
HBIN042162,MAPK14
HBIN042162,PTGS1
HBIN042162,CHEK1
HBIN042162,ESR1
HBIN042162,ESR2
HBIN042162,CDK2
HBIN042162,AR
HBIN042162,PIM1
HBIN042162,NOS2
HBIN042162,NCOA2
HBIN042162,CCNA2
HBIN042162,CA2
HBIN042162,GSK3B
HBIN042168,PIM1
HBIN042168,CA2
HBIN042670,TNF
HBIN042670,TBXAS1
HBIN042670,TBXA2R
HBIN042670,SOD1
HBIN042670,RELA
HBIN042670,PRKCB
HBIN042670,POR
HBIN042670,NOS2
HBIN042670,ITGB2
HBIN042670,INS
HBIN042670,CXCL8
HBIN042670,IL6
HBIN042670,IL1B
HBIN042670,HMGCR
HBIN042670,HAS2
HBIN042670,GSTP1
HBIN042670,FCER2
HBIN042670,DIO1
HBIN042670,CAT
HBIN042670,CASP3
HBIN042670,C5AR1
HBIN042670,ALOX5
HBIN044265,TNF
HBIN044265,LTA
HBIN044265,ERBB2
HBIN044265,CASP3
HBIN044265,BCL2L1
HBIN044265,BCL2
HBIN044303,AR
HBIN044303,ESR1
HBIN044426,AR
HBIN044426,NR3C1
HBIN044433,ST3GAL4
HBIN044433,REN
HBIN044442,AR
HBIN044442,NR3C1
HBIN045073,DPP4
HBIN045073,CA2
HBIN045073,DPEP1
HBIN045073,NR1I3
HBIN045073,SREBF2
HBIN045073,SREBF1
HBIN045073,SI
HBIN045073,PPARG
HBIN045073,LCT
HBIN045073,HK1
HBIN045073,GLUL
HBIN045073,G6PC
HBIN045073,FOSL2
HBIN045073,FOS
HBIN045073,ACSL4
HBIN045073,ACSL1
HBIN045073,CYP1A2
HBIN045073,COL7A1
HBIN045073,COL1A1
HBIN045073,CHI3L1
HBIN045073,AMY2A
HBIN045073,AMY1C
HBIN045073,AKR1B1
HBIN045073,ALAD
HBIN045261,PPARG
HBIN045261,CCNA2
HBIN045261,PRSS1
HBIN045261,PIM1
HBIN045261,ACHE
HBIN045261,DPP4
HBIN045261,ESR1
HBIN045261,NCOA2
HBIN045261,NOS2
HBIN045261,ESR2
HBIN045261,CA2
HBIN045261,AR
HBIN045261,SCN5A
HBIN045261,PTGS2
HBIN045261,KCNH2
HBIN045261,CALM3
HBIN047738,AR
HBIN047738,ADRA2A
HBIN047738,LYZ
HBIN047738,CA2
HBIN047738,DPEP1
HBIN047738,PTGS1
HBIN047738,MAOA
HBIN047738,MAOB
HBIN047738,PTGS2
HBIN047738,PRSS1
HBIN047738,TYRP1
HBIN047738,NOS3
HBIN048715,PPARG
HBIN048715,GABRA1
HBIN048715,MAPK14
HBIN048715,DPP4
HBIN048715,PKIA
HBIN048715,CHEK1
HBIN048715,DPEP1
HBIN048715,PIM1
HBIN048715,NCOA2
HBIN048715,PTGS2
HBIN048715,PTGS1
HBIN048715,NOS2
HBIN048715,MAOB
HBIN048715,GSK3B
HBIN048715,ESR1
HBIN048715,CDK2
HBIN048715,CCNA2
HBIN048715,CA2
HBIN048715,AKR1B1
HBIN048715,ADRB2
